route_short_name,direction_id,segment,start_stop_sample,end_stop_sample,n_obs,mean_run_time_sec,median_run_time_sec,p10_run_time_sec,p90_run_time_sec,iqr_run_time_sec,std_run_time_sec,mean_dwell_time_sec,median_dwell_time_sec,p90_dwell_time_sec,std_dwell_time_sec,mean_total_time_sec,median_total_time_sec,p10_total_time_sec,p90_total_time_sec,iqr_total_time_sec,std_total_time_sec,cv_total_time,is_high_variability_segment
12,1,42,Biznes tsentr Asyl-Tau,Detskii sad Balbulak,54,395.69,139.5,38.6,1164.3,460.5,459.03,7.33,1.5,21.4,11.28,403.02,146.0,43.2,1166.8,451.5,455.2,1.1295,0
10,1,39,Astana EKSPO,Astana EKSPO,41,262.05,251.0,68.0,510.0,341.0,186.64,2.44,0.0,10.0,4.72,264.49,251.0,68.0,512.0,339.0,187.39,0.7085,0
12,1,41,Kanal Nura-Esil',Biznes tsentr Asyl-Tau,135,254.27,300.0,32.8,402.6,298.0,219.75,8.16,4.0,25.0,9.99,262.44,307.0,45.2,405.4,280.0,215.05,0.8194,0
10,1,38,Bol'nitsa Meditsinskogo tsentra UDP RK,Astana EKSPO,57,290.14,301.0,28.0,475.2,249.0,194.24,19.65,2.0,27.4,64.54,309.79,305.0,62.6,530.6,248.0,195.51,0.6311,0
10,1,18,AO Kazmunaigaz,AO Kazmunaigaz,3335,212.63,201.0,9.0,411.6,195.0,180.91,49.95,44.0,95.0,56.05,262.58,251.0,16.0,488.6,226.0,198.66,0.7566,1
12,1,40,Detskii sad Balbulak,Kanal Nura-Esil',295,147.75,64.0,28.4,339.6,224.0,174.13,15.39,14.0,28.0,12.2,163.14,86.0,41.0,344.8,215.0,170.77,1.0468,0
46,1,18,Akan Sery,Akan Sery,3945,221.89,253.0,57.4,369.0,224.0,136.13,14.24,7.0,35.0,15.87,236.13,264.0,71.0,380.0,214.0,132.95,0.563,1
46,2,17,Bukhar zhyrau,Dom ministerstv,4177,476.68,461.0,110.6,745.0,206.0,290.34,38.35,34.0,60.0,23.77,515.03,499.0,140.0,790.0,209.0,297.28,0.5772,1
10,1,14,Dom Ministerstv,Dom Ministerstv,3321,395.61,333.0,240.0,628.0,194.0,199.88,35.74,37.0,59.0,21.73,431.35,372.0,268.0,670.0,197.0,202.17,0.4687,1
10,2,21,Biznes tsentr Asyl-Tau,Biznes tsentr Asyl-Tau,3145,373.65,354.0,204.4,559.0,183.0,185.03,18.01,8.0,47.0,21.68,391.66,370.0,220.0,576.6,186.0,188.02,0.4801,1
46,1,33,Dom Ministerstv,Dom Ministerstv,3939,111.84,58.0,17.0,252.0,153.0,128.83,21.26,18.0,44.0,26.46,133.1,87.0,21.0,281.2,176.0,137.79,1.0352,1
10,1,45,K'arlyg'ash balabak'shasy,Finansovyi tsentr,4,130.75,98.0,36.7,251.0,138.25,121.12,7.5,3.0,18.6,11.36,138.25,110.0,36.7,262.4,157.75,125.32,0.9064,0
10,2,25,Biznes tsentr Asyl-Tau,Biznes tsentr Asyl-Tau,3144,206.04,173.0,83.0,352.0,109.0,150.73,48.58,23.0,137.0,75.3,254.62,200.0,107.0,471.0,153.0,193.6,0.7604,1
46,1,32,Dom Ministerstv,Dom Ministerstv,3944,141.2,95.0,26.0,274.7,149.25,132.29,27.8,24.0,48.0,28.98,169.0,130.0,40.0,305.0,150.0,138.18,0.8176,1
46,1,35,AO Kazmunaigaz,AO Kazmunaigaz,3923,118.13,105.0,17.0,235.0,146.0,113.81,24.47,23.0,45.0,21.78,142.6,130.0,26.0,262.0,149.0,120.44,0.8446,1
10,2,26,Biznes tsentr Asyl-Tau,Biznes tsentr Asyl-Tau,3143,260.75,263.0,95.0,396.8,131.0,115.74,31.04,27.0,44.0,25.68,291.79,293.0,125.0,433.0,135.0,120.95,0.4145,1
12,1,15,Dom Ministerstv,Dom Ministerstv,2917,201.74,199.0,61.0,327.0,136.0,116.61,26.13,24.0,45.0,22.88,227.87,222.0,91.0,356.4,135.0,117.65,0.5163,1
46,2,29,Akan Sery,Akan Sery,4149,237.71,249.0,79.0,345.0,122.0,128.83,24.52,24.0,39.2,13.54,262.23,276.0,97.0,374.0,129.0,132.15,0.504,1
10,1,19,AO Kazmunaigaz,Biznes tsentr Asyl-Tau,3329,65.02,13.0,4.0,190.0,76.0,111.66,33.85,8.0,77.0,62.55,98.87,45.0,8.0,270.0,129.0,140.83,1.4244,1
46,2,15,Bukhar zhyrau,Dom ministerstv,4160,239.63,202.0,107.0,407.0,118.0,159.99,37.66,28.0,70.0,33.57,277.28,238.0,134.0,456.1,126.0,169.64,0.6118,1
46,1,34,Dom Ministerstv,AO Kazmunaigaz,3943,85.12,38.0,15.0,210.0,103.0,106.37,20.42,16.0,44.0,23.24,105.54,63.0,21.0,241.8,125.0,113.02,1.0709,1
12,1,34,Astana EKSPO,AO Kazmunaigaz,2885,152.81,139.0,54.0,258.6,124.0,83.83,15.02,14.0,29.0,35.51,167.83,146.0,75.0,277.0,122.0,90.82,0.5412,1
46,1,29,Dom Ministerstv,Dom Ministerstv,3939,157.16,132.0,35.0,292.0,108.0,129.17,38.46,34.0,68.0,29.44,195.62,171.0,64.0,339.2,119.0,138.06,0.7057,1
12,2,30,Dom ministerstv,Bukhar zhyrau,2227,162.93,161.0,46.0,266.0,109.0,90.82,29.4,26.0,47.0,16.69,192.33,188.0,74.0,300.0,118.0,95.37,0.4959,1
10,1,17,Dom Ministerstv,AO Kazmunaigaz,3253,143.65,101.0,66.0,278.0,89.0,112.58,25.64,11.0,63.0,41.91,169.29,117.0,75.0,335.8,117.0,131.14,0.7747,1
10,1,40,Astana EKSPO,Astana EKSPO,32,131.22,89.5,16.2,315.3,112.5,161.82,5.16,0.0,18.8,12.84,136.38,89.5,29.1,318.0,109.5,159.28,1.1679,0
46,1,17,Akan Sery,Akan Sery,3947,141.58,116.0,39.6,302.0,106.0,110.3,30.96,30.0,53.0,22.4,172.54,153.0,68.0,316.0,109.0,106.75,0.6187,1
46,2,2,Ardagerler,Bukhar zhyrau,4130,137.68,123.0,40.0,227.0,99.0,132.16,64.84,27.0,169.0,105.03,202.52,173.5,84.0,325.0,107.0,190.81,0.9422,1
46,1,28,AO Kazmunaigaz,Dom Ministerstv,3940,143.73,126.0,27.0,248.0,106.0,119.61,30.96,27.0,53.0,19.29,174.69,155.0,63.0,283.0,106.0,123.16,0.705,1
12,2,40,Il'iasa Esenberlina,Agrotekhnicheskii universitet,2052,144.2,139.0,41.0,245.9,100.25,77.42,25.37,24.0,36.0,9.59,169.58,164.5,65.1,272.9,102.0,78.96,0.4656,1
46,1,36,AO Kazmunaigaz,Dom Ministerstv,3893,126.01,112.0,33.0,212.0,93.0,111.6,23.36,22.0,41.0,21.14,149.38,135.0,50.0,241.0,96.0,116.82,0.7821,1
10,1,33,E 319,Detskii sad Balbulak,3325,123.6,102.0,63.0,211.0,96.0,60.68,17.73,18.0,32.0,16.93,141.33,118.0,79.0,235.0,96.0,65.13,0.4608,1
12,1,20,AO Kazmunaigaz,AO Kazmunaigaz,2853,195.38,168.0,62.0,297.0,89.0,182.59,28.98,27.0,46.0,19.02,224.36,198.0,85.0,334.8,93.0,184.82,0.8237,1
10,1,43,Astana EKSPO,Astana EKSPO,13,140.08,75.0,37.6,323.4,92.0,135.7,4.38,2.0,9.4,8.29,144.46,75.0,38.4,324.8,90.0,141.43,0.979,0
46,2,13,Bukhar zhyrau,Bukhar zhyrau,4176,158.87,120.0,71.0,286.0,78.0,141.22,36.88,33.0,60.0,27.94,195.75,156.0,99.0,335.0,88.0,147.21,0.752,1
46,1,30,Dom Ministerstv,Dom Ministerstv,3942,94.8,75.0,9.0,183.0,75.0,96.92,31.04,28.0,57.0,26.43,125.84,108.0,17.0,230.0,88.0,107.03,0.8505,1
46,2,16,Dom ministerstv,Bukhar zhyrau,4181,148.16,119.0,54.0,253.0,77.0,139.0,35.45,31.0,56.0,20.75,183.61,154.0,85.0,296.0,82.0,142.82,0.7779,1
12,1,17,Detskii sad Balbulak,Dom Ministerstv,2913,124.83,110.0,29.0,218.0,81.0,96.3,26.3,23.0,41.0,22.28,151.13,136.0,43.0,250.8,81.0,102.82,0.6804,1
12,1,14,AO Kazmunaigaz,Dom Ministerstv,2915,120.9,101.0,41.0,231.0,71.0,99.84,13.74,2.0,40.0,29.55,134.64,111.0,46.0,265.6,80.0,108.16,0.8034,1
12,2,22,Astana EKSPO,Astana EKSPO,2226,122.11,109.0,48.0,185.0,76.0,99.08,30.89,28.0,49.0,19.49,153.0,138.5,74.0,223.0,80.0,103.1,0.6739,1
46,2,6,Bukhar zhyrau,Bukhar zhyrau,4076,176.7,156.0,93.0,267.0,77.0,135.82,15.27,11.0,32.0,16.82,191.98,171.0,111.0,283.5,79.0,134.93,0.7028,1
46,2,42,Ardagerler,Babataiuly,3360,83.12,88.0,20.0,132.0,83.0,60.5,17.08,16.0,31.0,13.56,100.2,104.0,35.0,155.0,79.0,58.91,0.588,1
10,1,20,Biznes tsentr Asyl-Tau,Biznes tsentr Asyl-Tau,3332,78.4,72.0,10.0,131.0,61.0,65.87,47.97,47.0,82.0,27.94,126.37,122.0,32.0,203.0,79.0,77.74,0.6152,1
12,2,24,Astana EKSPO,Astana EKSPO,2222,140.11,119.0,68.0,243.9,70.0,88.66,37.06,34.0,58.0,18.77,177.17,155.0,99.0,290.0,78.0,94.08,0.531,1
46,2,14,Bukhar zhyrau,Bukhar zhyrau,4176,142.22,124.0,66.0,231.0,72.0,91.86,35.67,31.0,56.0,24.36,177.89,159.0,99.0,268.5,76.0,96.44,0.5422,1
12,1,48,Biznes tsentr Asyl-Tau,AO Kazmunaigaz,19,116.42,101.0,36.8,168.6,76.0,123.52,8.79,0.0,36.8,19.36,125.21,105.0,38.8,180.6,76.0,137.87,1.1011,0
12,1,52,Biznes tsentr Asyl-Tau,AO Kazmunaigaz,10,67.6,54.5,37.8,106.5,54.0,33.48,7.3,2.0,25.4,12.97,74.9,57.0,37.8,126.3,75.0,39.74,0.5306,0
10,2,32,Agrotekhnicheskii universitet,Agrotekhnicheskii universitet,3142,105.48,109.0,47.0,157.0,72.0,49.13,35.64,34.0,51.0,13.31,141.12,147.0,79.0,196.0,74.0,51.63,0.3659,1
10,1,41,Astana EKSPO,Astana EKSPO,24,101.83,73.5,31.6,204.9,79.0,83.06,4.54,0.0,10.0,11.29,106.38,78.0,34.3,205.6,74.0,81.5,0.7662,0
46,2,33,Akan Sery,Akan Sery,4171,71.15,69.0,24.0,126.0,73.0,45.66,17.95,17.0,30.0,11.64,89.1,85.0,39.0,147.0,73.0,47.74,0.5358,1
46,2,11,Bukhar zhyrau,Bukhar zhyrau,4158,127.26,110.0,52.0,185.0,70.0,121.06,32.35,29.0,54.0,20.45,159.61,140.0,81.0,227.0,73.0,123.94,0.7765,1
46,1,24,AO Kazmunaigaz,AO Kazmunaigaz,3938,115.97,111.0,42.0,182.0,72.0,60.54,32.89,30.0,50.0,19.36,148.86,144.0,75.0,216.0,72.0,62.51,0.4199,1
10,2,28,Alibi Zhangel'dina,Alibi Zhangel'dina,3143,95.5,90.0,42.0,156.0,66.0,49.0,28.1,26.0,41.0,12.02,123.59,119.0,65.0,189.0,72.0,52.13,0.4218,1
12,2,25,Astana EKSPO,Bukhar zhyrau,2224,126.75,113.0,55.0,207.7,69.25,75.64,31.52,30.0,47.0,24.69,158.27,143.0,83.0,244.7,72.0,83.71,0.5289,1
46,1,44,Karakat,Karakat,216,107.27,95.0,50.0,159.0,59.0,92.2,16.84,13.5,35.0,16.42,124.11,112.5,64.0,180.0,69.25,92.58,0.7459,0
46,1,22,Akan Sery,Kardiokhirurgicheskaia klinika,3930,80.03,77.0,30.0,129.0,68.0,54.82,34.73,31.0,54.0,16.52,114.75,110.0,60.0,168.0,69.0,57.1,0.4976,1
12,1,19,AO Kazmunaigaz,AO Kazmunaigaz,2907,65.93,30.0,14.0,170.0,46.5,106.31,23.59,21.0,49.0,21.67,89.51,59.0,21.0,197.4,69.0,109.88,1.2275,1
12,1,47,Biznes tsentr Asyl-Tau,AO Kazmunaigaz,25,72.04,57.0,24.2,134.6,40.0,62.72,2.68,0.0,4.6,6.02,74.72,59.0,27.2,136.6,69.0,63.29,0.847,0
46,2,27,Akan Sery,Akan Sery,4178,121.8,117.0,63.0,181.3,67.0,54.77,23.92,22.0,37.0,12.86,145.72,141.0,84.0,210.0,68.0,58.03,0.3982,1
46,1,31,Dom Ministerstv,Dom Ministerstv,3945,94.51,70.0,26.0,194.0,57.0,91.18,30.93,28.0,51.0,23.22,125.44,102.0,50.0,231.6,68.0,96.73,0.7711,1
46,1,27,AO Kazmunaigaz,AO Kazmunaigaz,3929,73.3,54.0,16.0,157.2,70.0,74.07,32.94,30.0,52.0,16.88,106.23,88.0,47.0,185.0,68.0,72.7,0.6844,1
46,1,37,Dom Ministerstv,Dom Ministerstv,3854,99.67,89.0,41.0,169.0,65.0,62.27,18.47,17.0,36.0,39.95,118.13,105.0,49.0,194.0,68.0,83.47,0.7066,1
12,1,21,AO Kazmunaigaz,AO Kazmunaigaz,2856,117.36,108.0,55.0,181.0,60.0,74.17,23.84,24.0,41.0,16.58,141.2,132.0,72.0,209.5,68.0,77.94,0.552,1
46,1,43,Karakat,Karakat,614,109.8,102.0,54.0,167.7,61.75,49.01,18.38,16.0,37.0,16.54,128.18,123.0,69.0,189.7,68.0,51.77,0.4039,1
46,2,18,Dom ministerstv,Dom ministerstv,4149,107.66,94.0,48.0,162.2,63.0,77.5,30.23,26.0,56.0,25.2,137.88,125.0,70.0,204.0,67.0,83.54,0.6059,1
12,1,10,Park Astana,Bol'nitsa Meditsinskogo tsentra UDP RK,2904,79.17,81.0,31.0,125.0,69.0,41.1,37.83,34.0,57.0,16.09,117.0,117.0,63.0,168.0,67.0,44.97,0.3843,1
46,1,25,AO Kazmunaigaz,AO Kazmunaigaz,3932,80.27,62.0,35.0,150.0,60.0,59.07,34.42,30.0,55.0,22.05,114.69,98.0,64.0,186.0,66.0,62.33,0.5435,1
46,1,26,AO Kazmunaigaz,AO Kazmunaigaz,3913,79.6,69.0,25.0,138.0,64.0,57.12,33.75,30.0,55.8,19.2,113.35,103.0,58.0,177.0,66.0,59.84,0.528,1
10,1,8,Biznes tsentr Marden,Narodnyi bank,3335,176.83,174.0,118.0,238.0,64.0,53.56,37.7,35.0,53.0,16.03,214.53,210.0,153.4,279.0,66.0,57.82,0.2695,1
46,1,42,K'arlyg'ash balabak'shasy,Karakat,1437,118.76,116.0,57.0,175.0,60.0,58.07,18.75,18.0,35.0,20.79,137.51,134.0,75.0,194.0,65.0,62.48,0.4544,1
10,1,42,Astana EKSPO,Astana EKSPO,19,79.89,40.0,26.8,133.4,71.0,103.55,5.11,0.0,20.0,8.01,85.0,44.0,28.6,149.4,64.5,105.66,1.243,0
12,1,49,Dvorets edinoborstv im. Zhaksylyka Ushkempirova,AO Kazmunaigaz,18,101.56,91.5,34.9,176.9,64.0,55.97,3.39,1.0,5.3,6.63,104.94,94.0,35.5,177.9,64.25,59.72,0.5691,0
46,2,19,Dom ministerstv,Dom ministerstv,3804,96.85,77.0,34.0,141.7,66.0,97.57,29.72,27.0,47.0,15.0,126.57,108.0,60.0,175.0,64.0,99.49,0.7861,1
12,1,25,Astana EKSPO,Astana EKSPO,2894,103.07,104.0,44.0,143.0,63.0,90.39,27.17,26.0,40.0,11.87,130.24,131.0,68.0,173.0,64.0,91.2,0.7002,1
12,2,33,Finansovyi tsentr,Dom ministerstv,2228,85.02,75.0,38.0,145.0,64.25,46.06,27.26,25.0,40.0,12.6,112.28,105.0,61.0,173.0,64.0,47.37,0.4219,1
12,2,26,Bukhar zhyrau,Astana EKSPO,2227,128.75,121.0,48.0,193.4,62.0,81.36,14.35,7.0,33.0,18.46,143.1,130.0,66.0,212.4,64.0,85.14,0.5949,1
12,2,2,Biznes tsentr Asyl-Tau,Bol'nitsa Meditsinskogo tsentra UDP RK,2189,238.41,238.0,177.8,307.0,59.0,85.02,19.37,15.0,30.0,71.61,257.78,255.0,190.0,328.0,64.0,108.9,0.4225,1
46,1,40,Finansovyi tsentr,K'arlyg'ash balabak'shasy,3200,97.61,95.0,49.0,144.0,61.0,44.67,24.67,24.0,39.0,13.31,122.28,121.0,71.0,170.1,63.25,46.46,0.3799,0
46,2,32,Akan Sery,Akan Sery,4179,63.41,41.0,22.0,120.0,60.5,64.05,16.48,15.0,29.0,12.19,79.89,58.0,34.0,140.0,63.0,65.25,0.8167,0
46,1,19,Akan Sery,Akan Sery,3945,135.99,114.0,65.4,235.0,61.0,90.11,27.56,27.0,44.0,16.43,163.55,145.0,92.0,251.0,63.0,86.86,0.5311,0
46,1,21,Akan Sery,Akan Sery,3936,75.92,58.0,30.0,126.0,59.0,70.43,31.66,29.0,48.0,18.76,107.58,90.0,56.0,164.0,63.0,73.39,0.6822,0
12,1,12,E 495,AO Kazmunaigaz,2915,142.6,135.0,79.0,197.0,62.0,150.63,32.73,30.0,49.0,17.89,175.34,169.0,110.0,230.0,63.0,151.52,0.8642,0
46,2,47,Gostinitsa Bakhyt,Mu'sa dukeni,20,54.4,31.5,12.9,116.2,61.5,53.33,15.4,13.0,23.1,18.51,69.8,58.5,13.9,131.6,62.75,54.77,0.7846,0
46,1,41,K'arlyg'ash balabak'shasy,K'arlyg'ash balabak'shasy,2506,113.56,113.0,54.0,166.0,61.75,50.57,21.15,20.0,36.0,17.77,134.71,134.0,74.0,186.0,62.0,52.18,0.3874,0
46,2,21,Akan Sery,Akan Sery,4172,85.73,80.0,36.0,141.0,64.0,56.28,27.12,25.0,41.0,12.72,112.85,107.0,60.0,168.0,61.0,57.15,0.5064,0
46,1,20,Akan Sery,Akan Sery,3942,114.22,100.0,41.0,162.0,59.0,89.04,30.09,29.0,45.0,14.86,144.31,130.5,68.0,194.0,61.0,87.67,0.6075,0
46,1,45,Karakat,Karakat,55,102.2,96.0,57.0,164.8,53.0,39.04,13.49,10.0,30.4,12.91,115.69,109.0,65.6,169.8,61.0,41.64,0.3599,0
46,2,25,Akan Sery,Akan Sery,4183,90.5,81.0,41.0,139.0,59.0,57.46,31.13,29.0,47.0,14.87,121.63,113.0,68.0,175.0,60.0,59.22,0.4869,0
12,1,7,Park Astana,AO Kazmunaigaz,2918,104.58,109.0,28.0,160.0,70.0,57.67,38.24,31.0,60.0,27.88,142.83,145.0,70.0,197.0,60.0,55.56,0.389,0
12,2,17,Astana EKSPO,Astana EKSPO,2228,94.33,92.0,47.0,137.0,58.0,51.37,17.5,17.0,34.0,13.52,111.83,112.5,65.0,153.0,60.0,52.76,0.4718,0
12,2,21,Astana EKSPO,Astana EKSPO,2228,86.21,72.0,38.0,143.3,55.0,65.89,30.89,28.0,48.0,17.21,117.1,103.0,64.0,177.0,59.0,69.32,0.5919,0
12,2,18,Astana EKSPO,Astana EKSPO,2225,83.36,75.0,37.0,128.0,58.0,49.72,27.64,26.0,41.0,16.44,111.0,104.0,61.0,158.0,59.0,52.84,0.476,0
12,2,37,Dom ministerstv,Kazakhstan temir zholy,2175,78.18,71.0,39.0,126.0,56.0,35.18,30.26,28.0,44.0,12.92,108.44,102.0,65.0,159.0,59.0,38.82,0.358,0
46,1,46,Karakat,Karakat,17,91.88,85.0,44.6,138.6,44.0,43.12,15.18,13.0,30.0,14.05,107.06,89.0,64.2,160.0,59.0,42.45,0.3965,0
12,1,50,Biznes tsentr Asyl-Tau,AO Kazmunaigaz,14,62.36,49.0,12.5,120.5,45.0,49.33,5.43,0.0,11.3,13.94,67.79,55.5,16.0,124.7,58.75,50.08,0.7388,0
46,1,6,Akan Sery,Aktobe,3863,210.54,150.0,93.0,214.0,55.5,375.78,23.79,23.0,37.0,16.6,234.34,175.0,112.0,242.0,58.5,372.52,1.5897,0
10,1,28,Bol'nitsa Meditsinskogo tsentra UDP RK,Bol'nitsa Meditsinskogo tsentra UDP RK,3328,46.25,30.0,20.0,89.0,36.0,44.61,11.46,4.0,29.0,14.18,57.71,34.0,23.0,115.0,58.0,53.08,0.9197,0
10,2,33,Agrotekhnicheskii universitet,Agrotekhnicheskii universitet,3144,163.2,171.0,60.0,237.0,57.0,68.79,32.41,31.0,47.0,13.41,195.62,204.0,84.0,275.0,58.0,73.77,0.3771,0
10,2,2,Astana EKSPO,Bol'nitsa Meditsinskogo tsentra UDP RK,3115,248.52,241.0,191.0,304.0,57.0,80.58,19.0,18.0,31.0,12.06,267.52,261.0,207.0,325.0,58.0,81.52,0.3047,0
12,2,29,Bukhar zhyrau,Dom ministerstv,2228,41.12,11.0,4.0,133.6,35.0,64.28,34.22,27.0,61.3,25.89,75.34,48.0,28.0,169.0,58.0,66.28,0.8796,0
46,2,46,Gostinitsa Bakhyt,Gostinitsa Bakhyt,74,54.09,23.5,7.3,108.7,43.0,93.1,17.61,7.5,21.0,70.29,71.7,39.0,9.3,126.0,57.25,112.1,1.5634,0
46,2,10,Bukhar zhyrau,Bukhar zhyrau,4148,100.03,78.0,44.0,145.0,55.0,182.17,32.73,29.0,51.0,21.19,132.75,111.0,71.0,183.0,57.0,182.79,1.3769,0
46,2,41,Ardagerler,Ardagerler,3398,68.22,60.0,26.0,116.0,57.0,48.41,18.8,17.0,31.0,18.04,87.02,79.0,43.0,135.0,57.0,50.52,0.5805,0
12,1,8,AO Kazmunaigaz,Astana EKSPO,2913,115.53,111.0,62.0,165.8,54.0,58.1,32.67,31.0,48.0,15.98,148.2,143.0,93.0,200.0,56.0,63.53,0.4287,0
12,1,6,Akan Sery,Park Astana,2898,71.41,58.0,41.0,115.0,29.0,67.6,19.49,4.0,61.0,30.96,90.9,70.0,45.0,166.3,56.0,77.0,0.8471,0
46,2,45,Gostinitsa Bakhyt,Gostinitsa Bakhyt,351,44.77,21.0,7.0,108.0,27.0,86.1,20.79,8.0,39.0,58.14,65.56,38.0,10.0,143.0,56.0,102.1,1.5573,0
10,1,27,Astana EKSPO,Bol'nitsa Meditsinskogo tsentra UDP RK,3333,92.8,77.0,25.2,133.0,65.0,91.13,26.15,22.0,49.0,22.25,118.95,109.0,30.0,164.0,55.0,93.59,0.7867,0
12,2,19,Astana EKSPO,Astana EKSPO,2225,67.41,51.0,33.0,108.0,52.0,43.52,28.2,26.0,42.0,12.75,95.61,82.0,57.0,140.0,55.0,46.36,0.4849,0
12,2,14,Astana EKSPO,Astana EKSPO,2216,95.49,87.0,46.0,137.0,53.0,101.39,26.05,24.0,39.0,12.88,121.54,113.0,69.0,165.0,55.0,101.49,0.8351,0
12,1,43,Detskii sad Balbulak,Dvorets edinoborstv im. Zhaksylyka Ushkempirova,37,123.76,47.0,27.0,120.4,51.0,272.05,4.0,0.0,13.2,9.87,127.76,48.0,27.0,138.4,55.0,271.54,2.1254,0
12,2,47,Prospekt Saryarka,Prospekt Saryarka,20,72.4,75.0,33.6,100.2,45.25,34.22,31.2,24.5,60.4,19.04,103.6,107.0,53.7,144.6,54.5,37.9,0.3659,0
46,2,24,Akan Sery,Akan Sery,4183,67.39,59.0,26.0,114.0,55.0,48.3,32.21,30.0,49.0,15.3,99.6,94.0,56.0,144.0,54.0,48.62,0.4882,0
46,1,16,Akan Sery,Akan Sery,3941,71.42,58.0,29.0,126.0,48.0,57.58,23.39,20.0,40.0,17.42,94.8,81.0,45.0,163.0,53.0,63.0,0.6646,0
10,2,27,Biznes tsentr Asyl-Tau,Alibi Zhangel'dina,3140,108.26,103.0,58.0,153.0,50.0,56.66,29.47,27.0,44.0,13.44,137.74,130.0,81.0,191.0,53.0,59.18,0.4296,0
10,2,14,Astana EKSPO,Biznes tsentr Asyl-Tau,3137,117.13,98.0,59.0,152.0,44.0,86.65,52.34,47.0,81.0,60.65,169.46,150.0,101.6,221.0,53.0,109.54,0.6464,0
10,2,9,Astana EKSPO,Bol'nitsa Meditsinskogo tsentra UDP RK,3133,121.53,110.0,69.0,183.0,48.0,69.13,23.55,22.0,36.8,12.96,145.08,134.0,90.0,207.0,53.0,70.32,0.4847,0
12,1,24,Astana EKSPO,Astana EKSPO,2910,89.34,85.0,48.0,131.0,53.0,39.82,28.21,26.0,42.0,12.86,117.55,114.0,73.0,161.0,53.0,41.52,0.3532,0
12,2,36,Dom ministerstv,Dom ministerstv,2206,67.06,63.5,29.0,113.0,53.0,33.52,31.9,29.0,48.0,13.76,98.96,96.0,57.0,144.0,53.0,35.43,0.358,0
46,2,20,Dom ministerstv,Akan Sery,4172,83.56,60.0,37.0,161.0,45.0,71.96,30.88,28.0,57.0,19.63,114.44,96.0,63.0,186.0,52.0,68.92,0.6022,0
46,2,12,Bukhar zhyrau,Bukhar zhyrau,4170,104.8,72.0,38.0,135.0,43.0,163.0,39.49,35.0,65.0,22.01,144.29,111.0,68.0,191.0,52.0,163.18,1.1309,0
46,1,9,Akan Sery,Akan Sery,3948,105.87,93.0,47.0,149.0,59.0,190.67,9.66,5.0,25.0,11.52,115.53,100.0,61.0,156.0,52.0,190.37,1.6478,0
10,1,16,Dom Ministerstv,Dom Ministerstv,3281,98.67,90.0,41.0,150.0,49.0,63.58,11.64,5.0,31.0,17.8,110.3,101.0,48.0,166.0,52.0,69.57,0.6307,0
10,2,18,Biznes tsentr Asyl-Tau,Biznes tsentr Asyl-Tau,3143,85.07,76.0,38.0,139.0,49.0,51.35,26.93,26.0,40.0,13.57,112.0,104.0,61.0,170.0,52.0,54.64,0.4879,0
12,1,2,Agrotekhnicheskii universitet,Kladbishche,2908,148.5,123.0,79.0,175.0,50.0,223.17,34.3,31.0,49.0,58.39,182.8,157.0,110.0,210.0,52.0,231.32,1.2654,0
46,1,23,Kardiokhirurgicheskaia klinika,AO Kazmunaigaz,3930,106.67,102.0,40.0,157.0,48.0,59.64,32.73,30.0,50.0,16.66,139.4,135.0,75.0,191.0,51.75,62.26,0.4466,0
12,1,44,Dvorets edinoborstv im. Zhaksylyka Ushkempirova,AO Kazmunaigaz,31,85.94,70.0,35.0,135.0,54.0,65.44,2.19,0.0,5.0,6.65,88.13,72.0,40.0,137.0,51.5,64.86,0.736,0
12,1,46,Biznes tsentr Asyl-Tau,Biznes tsentr Asyl-Tau,28,78.68,78.5,33.5,128.0,53.0,36.05,2.11,0.0,4.6,4.75,80.79,79.5,33.5,128.0,51.5,36.38,0.4503,0
46,1,39,Dom Ministerstv,Finansovyi tsentr,3621,84.61,74.0,46.0,130.0,48.0,43.51,24.36,24.0,39.0,20.1,108.96,100.0,65.0,158.0,51.0,48.3,0.4432,0
10,1,2,Teatr Zhastar,Agrotekhnicheskii universitet,3334,143.05,138.0,93.3,186.0,49.0,91.18,32.29,31.0,46.0,12.2,175.33,171.0,122.3,220.0,51.0,92.3,0.5264,0
10,2,16,Dvorets edinoborstv,Biznes tsentr Asyl-Tau,3140,120.13,104.0,64.0,163.0,48.0,92.8,33.54,31.0,51.0,15.24,153.67,137.0,96.0,202.0,51.0,91.55,0.5957,0
46,2,49,Mu'sa dukeni,Nauryz48,3,85.67,106.0,39.6,123.6,52.5,55.37,12.33,11.0,15.8,4.16,98.0,115.0,55.0,134.2,49.5,51.64,0.527,0
46,2,31,Akan Sery,Akan Sery,4128,75.89,65.0,33.0,117.0,45.0,57.57,13.57,12.0,26.0,11.67,89.46,77.0,44.0,135.0,49.0,59.79,0.6684,0
46,2,8,Bukhar zhyrau,Bukhar zhyrau,4104,65.13,48.0,28.0,101.7,44.0,101.84,28.14,26.0,42.0,12.65,93.27,77.0,53.0,132.0,49.0,101.21,1.0851,0
46,2,7,Bukhar zhyrau,Bukhar zhyrau,4093,85.49,77.0,37.0,119.0,49.0,115.43,30.9,27.0,48.0,16.67,116.4,108.0,64.0,153.0,49.0,114.99,0.9879,0
10,1,7,Biznes tsentr Marden,Biznes tsentr Marden,3335,118.97,115.0,79.0,161.0,41.5,37.93,42.53,39.0,64.0,21.43,161.5,155.0,113.0,210.0,49.0,48.86,0.3026,0
12,1,33,Bol'nitsa Meditsinskogo tsentra UDP RK,Astana EKSPO,2910,74.96,45.0,31.0,182.0,47.0,83.4,18.76,18.0,31.0,30.19,93.73,66.0,47.0,194.1,49.0,86.57,0.9237,0
12,2,23,Astana EKSPO,Astana EKSPO,2219,102.21,69.0,36.0,133.2,44.0,190.69,33.09,30.0,49.0,15.67,135.29,103.0,62.0,173.0,49.0,191.15,1.4129,0
12,2,50,Prospekt Saryarka,TD Daulet,9,91.67,69.0,54.0,136.2,48.0,48.69,32.33,31.0,41.6,8.5,124.0,95.0,91.4,179.2,49.0,51.98,0.4192,0
12,1,22,AO Kazmunaigaz,Astana EKSPO,2909,91.43,75.0,42.0,126.0,45.0,130.32,13.03,6.0,32.0,13.9,104.45,90.0,49.0,148.0,48.0,130.41,1.2485,0
12,1,18,Dom Ministerstv,AO Kazmunaigaz,2906,49.31,26.0,16.0,117.0,23.0,63.03,14.89,4.0,40.0,29.7,64.2,32.0,19.0,155.0,48.0,76.28,1.1882,0
12,2,31,Bukhar zhyrau,Dom ministerstv,2224,72.72,63.5,34.0,119.0,48.0,40.56,28.84,26.0,44.0,13.02,101.56,94.0,60.0,150.0,48.0,42.58,0.4193,0
10,2,44,Agrotekhnicheskii universitet,Agrotekhnicheskii universitet,34,66.76,60.5,27.5,104.0,43.75,40.93,25.88,22.0,40.0,14.63,92.65,81.0,54.3,147.9,47.5,44.43,0.4796,0
10,2,19,Biznes tsentr Asyl-Tau,Biznes tsentr Asyl-Tau,3144,108.35,108.0,58.0,154.0,44.0,60.66,30.71,28.0,43.0,15.78,139.06,136.0,86.0,188.0,47.0,66.44,0.4778,0
12,1,36,Bol'nitsa Meditsinskogo tsentra UDP RK,Detskii sad Balbulak,2887,66.63,55.0,33.0,105.0,47.0,42.36,20.31,19.0,33.0,16.8,86.94,78.0,48.0,127.0,47.0,44.84,0.5158,0
12,2,16,Astana EKSPO,Astana EKSPO,2228,72.76,69.0,30.0,102.0,47.0,70.23,26.48,25.0,39.0,11.86,99.24,96.0,55.0,130.3,47.0,70.56,0.711,0
10,1,25,Ledovyi dvorets Alau,Ledovyi dvorets Alau,3335,91.2,90.0,40.0,134.0,48.0,42.86,31.74,28.0,50.0,19.02,122.93,120.0,80.0,165.0,46.0,47.71,0.3881,0
12,1,26,Astana EKSPO,Astana EKSPO,2859,67.11,58.0,32.0,102.2,45.0,87.67,26.01,25.0,40.0,18.61,93.13,83.0,54.0,132.0,46.0,88.5,0.9504,0
12,2,52,Shkola-litsei No. 15,TD Daulet,6,90.5,100.0,55.5,116.0,43.5,28.18,29.67,27.5,40.0,9.07,120.17,129.0,84.0,147.5,46.0,30.56,0.2543,0
10,1,24,Dvorets edinoborstv im. Zhaksylyka Ushkempirova,Ledovyi dvorets Alau,3335,104.52,97.0,64.0,144.0,41.5,48.34,32.66,30.0,49.0,14.78,137.18,128.0,92.0,182.0,45.0,52.97,0.3861,0
12,1,16,Dom Ministerstv,Detskii sad Balbulak,2916,96.62,78.0,47.0,150.0,41.0,91.48,29.76,26.0,45.0,25.52,126.38,106.0,71.0,187.0,45.0,103.08,0.8156,0
12,2,28,Bukhar zhyrau,Bukhar zhyrau,2224,68.23,46.0,14.3,140.0,35.0,75.07,16.73,8.0,39.0,20.37,84.96,61.0,32.0,165.0,45.0,80.88,0.952,0
10,1,44,Astana EKSPO,Dom Ministerstv,9,92.33,46.0,29.2,187.6,45.0,111.13,1.67,0.0,6.0,3.54,94.0,46.0,30.2,195.6,45.0,111.28,1.1838,0
46,1,38,Dom Ministerstv,Dom Ministerstv,3774,82.82,72.0,44.0,129.0,44.0,46.19,20.85,21.0,38.0,17.06,103.68,95.0,56.0,155.0,44.0,49.32,0.4757,0
12,2,32,Dom ministerstv,Finansovyi tsentr,2227,70.16,58.0,37.0,119.0,38.0,42.32,28.54,26.0,42.0,13.64,98.71,88.0,61.0,150.0,44.0,44.64,0.4522,0
12,2,15,Astana EKSPO,Astana EKSPO,2221,86.14,76.0,38.0,109.0,43.0,145.2,24.09,23.0,36.0,11.33,110.24,100.0,59.0,137.0,44.0,144.37,1.3097,0
12,2,44,Park Astana,Korgalzhinskaia trassa,1740,60.82,61.0,32.0,92.0,41.0,24.52,27.84,23.0,41.0,24.98,88.66,88.0,53.0,123.0,44.0,35.96,0.4056,0
12,2,49,Shkola-litsei No. 15,Prospekt Saryarka,11,64.36,41.0,32.0,88.0,46.0,45.21,28.18,27.0,38.0,13.08,92.55,79.0,56.0,112.0,43.5,45.4,0.4906,0
46,2,30,Akan Sery,Akan Sery,4081,69.35,60.0,29.0,108.0,42.0,56.56,18.65,17.0,32.0,12.74,87.99,79.0,45.0,131.0,43.0,58.55,0.6654,0
10,1,5,Agrotekhnicheskii universitet,Biznes tsentr Marden,3335,96.9,98.0,61.0,126.0,39.0,31.93,36.18,32.0,57.0,16.02,133.07,133.0,89.0,174.0,43.0,38.52,0.2894,0
10,2,20,Biznes tsentr Asyl-Tau,Biznes tsentr Asyl-Tau,3142,84.68,53.0,37.0,145.0,32.0,120.23,36.89,29.0,66.0,30.13,121.58,85.0,61.0,200.0,43.0,134.84,1.1091,0
12,1,5,K'artaly,Akan Sery,2919,116.8,111.0,75.0,151.0,39.0,98.43,31.87,29.0,45.0,48.44,148.67,141.0,102.0,183.0,43.0,112.63,0.7576,0
46,2,44,Gostinitsa Bakhyt,Gostinitsa Bakhyt,853,55.63,29.0,10.0,120.0,30.0,79.47,17.3,12.0,32.0,45.04,72.94,47.0,15.0,144.8,43.0,87.85,1.2045,0
10,1,37,Kanal Nura-Esil',Astana EKSPO,331,78.68,41.0,23.0,273.0,37.0,106.18,27.98,25.0,40.0,32.69,106.65,71.0,41.0,284.0,43.0,107.3,1.0061,0
10,1,46,Finansovyi tsentr,Dom Ministerstv,3,76.0,66.0,53.2,102.8,31.0,32.19,23.67,1.0,56.2,40.13,99.67,113.0,62.6,131.4,43.0,44.52,0.4467,0
10,1,31,Detskii sad Karlygash,Detskii sad Karlygash,3333,50.35,41.0,28.0,81.0,28.0,55.78,10.65,5.0,27.0,11.64,60.99,47.0,32.2,103.0,42.0,58.82,0.9643,0
12,1,11,Bol'nitsa Meditsinskogo tsentra UDP RK,E 495,2916,115.87,111.0,80.0,154.0,38.0,44.09,32.23,30.0,48.0,14.28,148.1,143.0,109.0,190.0,42.0,46.27,0.3125,0
12,2,42,Korgalzhinskaia trassa,Korgalzhinskaia trassa,2034,64.51,60.0,31.0,101.0,40.75,37.21,26.9,25.0,38.0,10.83,91.41,86.0,56.0,130.0,42.0,38.41,0.4202,0
12,1,54,Kardiokhirurgicheskaia klinika,AO Kazmunaigaz,4,59.25,69.5,26.6,83.7,37.75,32.84,5.25,0.5,14.3,9.84,64.5,70.0,26.9,97.7,42.0,38.77,0.6011,0
12,1,51,Biznes tsentr Asyl-Tau,Biznes tsentr Asyl-Tau,10,73.6,78.0,35.7,96.4,41.75,31.5,0.2,0.0,0.2,0.63,73.8,78.0,35.7,98.2,41.75,31.64,0.4287,0
10,2,49,Il'iasa Esenberlina,TD Daulet,7,57.57,50.0,36.0,81.8,30.0,20.39,23.29,24.0,33.4,9.84,80.86,65.0,57.8,115.2,41.5,26.86,0.3322,0
46,2,23,Akan Sery,Akan Sery,4184,96.91,93.0,58.0,132.0,36.0,49.36,32.35,29.0,50.0,21.41,129.26,125.0,84.0,171.0,41.0,56.12,0.4342,0
10,1,6,Biznes tsentr Marden,Biznes tsentr Marden,3334,101.78,99.0,66.0,138.0,38.0,32.93,34.34,32.0,48.0,14.41,136.12,133.0,96.0,175.0,41.0,37.41,0.2749,0
10,1,35,Detskii sad Balbulak,Detskii sad Balbulak,3332,61.51,60.0,28.0,93.0,38.0,33.42,32.65,30.0,46.0,40.79,94.16,91.0,55.0,129.0,41.0,58.99,0.6265,0
10,2,35,Agrotekhnicheskii universitet,Agrotekhnicheskii universitet,3135,72.9,70.0,41.0,105.0,37.0,29.59,38.08,26.0,41.0,93.74,110.99,99.0,66.0,137.0,41.0,98.56,0.888,0
12,2,35,Dom ministerstv,Dom ministerstv,2228,92.94,93.0,46.0,129.0,37.0,35.66,31.49,29.0,47.0,12.51,124.43,125.0,72.0,165.3,41.0,39.03,0.3137,0
12,2,46,Park Astana,Prospekt Saryarka,68,65.15,64.0,35.4,96.0,37.75,27.08,30.38,24.5,47.9,23.09,95.53,91.0,58.7,135.2,40.5,34.14,0.3574,0
10,1,26,Ledovyi dvorets Alau,Astana EKSPO,3335,64.3,52.0,28.0,110.0,44.0,55.03,42.51,39.0,71.0,22.07,106.82,100.0,66.0,145.0,40.0,52.84,0.4947,0
10,1,21,Biznes tsentr Asyl-Tau,Biznes tsentr Asyl-Tau,3334,74.38,67.0,40.0,114.0,41.0,40.07,33.28,31.0,63.0,22.02,107.66,99.0,69.0,156.7,40.0,46.59,0.4327,0
10,1,30,Bol'nitsa Meditsinskogo tsentra UDP RK,Detskii sad Karlygash,3334,76.61,76.0,34.0,100.0,35.0,74.77,14.1,13.0,28.0,11.28,90.71,91.0,37.0,122.0,40.0,76.48,0.8431,0
10,2,17,Biznes tsentr Asyl-Tau,Biznes tsentr Asyl-Tau,3143,96.93,97.0,60.0,131.8,39.0,51.11,29.0,26.0,43.0,12.95,125.93,125.0,85.0,164.0,40.0,53.01,0.421,0
12,1,9,Astana EKSPO,Park Astana,2915,58.93,46.0,31.0,98.0,35.0,128.31,30.93,28.0,45.0,14.39,89.86,77.0,56.0,131.0,40.0,128.69,1.432,0
12,1,28,Astana EKSPO,Astana EKSPO,2850,66.03,58.0,33.0,98.0,38.0,65.06,24.84,23.0,38.0,14.62,90.87,84.0,54.0,127.0,40.0,64.7,0.7119,0
10,2,43,Agrotekhnicheskii universitet,Agrotekhnicheskii universitet,43,68.44,64.0,37.2,117.8,46.5,30.66,30.16,28.0,45.6,12.17,98.6,96.0,56.6,150.0,40.0,35.47,0.3598,0
46,2,28,Akan Sery,Akan Sery,4166,76.32,64.0,35.0,108.0,37.0,76.84,24.58,23.0,37.0,12.37,100.9,88.0,56.5,135.0,39.0,77.9,0.7721,0
10,1,23,Biznes tsentr Asyl-Tau,Dvorets edinoborstv im. Zhaksylyka Ushkempirova,3335,98.22,95.0,62.0,132.0,36.0,35.5,26.92,27.0,43.0,14.39,125.14,121.0,84.4,165.0,39.0,39.77,0.3178,0
12,1,4,K'arlyg'ash balabak'shasy,K'artaly,2917,55.48,51.0,26.0,86.0,38.0,52.68,31.35,30.0,45.0,12.36,86.82,83.0,54.0,119.0,39.0,53.66,0.618,0
12,2,5,Astana EKSPO,Astana EKSPO,2134,127.69,129.0,78.3,159.0,34.75,77.88,22.52,21.0,35.0,16.31,150.21,152.0,97.0,185.0,39.0,81.25,0.5409,0
12,2,53,TD Daulet,TD Daulet,6,60.83,64.0,35.5,83.0,29.75,21.73,45.5,29.0,82.5,35.71,106.33,100.0,61.5,157.5,38.75,52.42,0.4929,0
46,2,26,Akan Sery,Akan Sery,4179,64.13,59.0,35.0,94.0,34.0,34.27,29.68,27.0,45.0,14.61,93.81,89.0,60.0,128.0,38.0,36.77,0.392,0
10,1,22,Biznes tsentr Asyl-Tau,Biznes tsentr Asyl-Tau,3335,90.13,90.0,52.0,121.0,37.0,31.46,13.76,5.0,36.0,16.51,103.89,102.0,67.0,138.0,38.0,34.68,0.3338,0
46,2,43,Babataiuly,Gostinitsa Bakhyt,2522,54.22,27.0,14.0,128.0,26.0,67.12,17.42,16.0,32.0,21.23,71.64,47.0,28.0,151.9,38.0,65.81,0.9186,0
10,2,31,Agrotekhnicheskii universitet,Agrotekhnicheskii universitet,3141,63.53,59.0,34.0,94.0,33.0,31.84,35.94,33.0,53.0,16.67,99.47,94.0,65.0,142.0,37.0,36.08,0.3627,0
12,1,32,Biznes tsentr Asyl-Tau,Bol'nitsa Meditsinskogo tsentra UDP RK,2908,68.47,63.0,33.0,100.0,34.0,39.28,15.53,15.0,28.0,11.34,84.0,79.0,46.0,120.0,37.0,42.17,0.502,0
10,2,40,Agrotekhnicheskii universitet,Agrotekhnicheskii universitet,2597,60.57,59.0,30.0,90.0,36.0,29.86,27.38,24.0,43.0,15.16,87.95,86.0,55.0,120.0,37.0,35.51,0.4038,0
12,2,10,Astana EKSPO,Astana EKSPO,2181,118.52,96.0,62.0,138.0,35.0,205.36,17.81,17.0,31.0,12.08,136.33,114.0,77.0,161.0,37.0,204.07,1.4969,0
12,2,8,Astana EKSPO,Astana EKSPO,2152,87.55,74.0,46.0,109.0,36.0,165.21,6.35,2.0,22.0,11.8,93.9,79.0,49.0,120.0,37.0,165.65,1.7641,0
12,1,45,Biznes tsentr Asyl-Tau,Biznes tsentr Asyl-Tau,28,73.61,65.5,37.1,116.8,37.25,33.65,1.68,0.0,3.0,4.75,75.29,70.5,38.5,116.8,36.75,33.31,0.4425,0
46,2,39,Ardagerler,Ardagerler,4001,62.96,62.0,32.0,92.0,35.0,29.08,22.41,20.0,39.0,16.97,85.38,84.0,52.0,116.0,36.0,32.56,0.3814,0
10,1,29,Bol'nitsa Meditsinskogo tsentra UDP RK,Bol'nitsa Meditsinskogo tsentra UDP RK,3331,68.26,69.0,27.0,96.0,32.0,45.84,20.33,21.0,35.0,13.68,88.59,91.0,31.0,123.0,36.0,51.01,0.5758,0
10,1,36,Detskii sad Balbulak,Kanal Nura-Esil',1791,50.27,44.0,25.0,77.0,31.0,37.83,30.9,29.0,43.0,20.96,81.16,74.0,50.0,113.0,36.0,43.11,0.5311,0
10,2,41,Agrotekhnicheskii universitet,Agrotekhnicheskii universitet,195,67.02,62.0,34.0,96.0,32.5,32.77,26.32,23.0,45.0,12.51,93.33,87.0,59.4,128.8,36.0,36.04,0.3862,0
10,1,32,Detskii sad Karlygash,E 319,3333,69.14,65.0,36.0,102.0,29.0,37.07,19.34,19.0,36.0,14.87,88.48,88.0,45.0,123.0,35.0,40.06,0.4528,0
10,2,34,Agrotekhnicheskii universitet,Agrotekhnicheskii universitet,3144,63.08,56.0,33.0,91.0,33.0,37.45,26.78,25.0,40.0,11.23,89.85,82.0,55.0,122.0,35.0,40.47,0.4504,0
10,2,37,Agrotekhnicheskii universitet,Agrotekhnicheskii universitet,2925,52.68,50.0,29.0,76.0,33.0,28.91,25.12,23.0,36.0,20.58,77.8,74.0,50.0,104.0,35.0,36.28,0.4664,0
12,1,35,AO Kazmunaigaz,AO Kazmunaigaz,2887,91.71,88.0,43.0,121.0,32.0,49.68,18.58,17.0,31.0,15.97,110.29,105.0,61.0,145.0,35.0,51.69,0.4687,0
12,2,38,Kazakhstan temir zholy,Kazakhstan temir zholy,2155,57.28,53.0,30.0,86.0,34.0,25.41,27.26,25.0,40.0,11.36,84.54,81.0,55.0,115.0,35.0,27.59,0.3264,0
12,2,54,TD Daulet,TD Daulet,5,71.0,74.0,44.2,97.6,36.0,26.52,30.2,30.0,37.0,6.98,101.2,112.0,74.6,122.8,35.0,24.43,0.2414,0
12,2,39,Kazakhstan temir zholy,Il'iasa Esenberlina,2070,52.89,35.0,22.0,123.0,19.0,55.02,29.04,25.0,47.0,14.19,81.93,64.0,45.0,151.1,34.75,55.51,0.6775,0
46,2,40,Ardagerler,Ardagerler,3688,64.17,66.0,31.0,88.0,32.0,29.37,19.69,18.0,34.0,17.56,83.86,83.0,49.0,113.0,34.25,34.6,0.4126,0
10,2,36,Agrotekhnicheskii universitet,Agrotekhnicheskii universitet,2968,72.37,69.0,41.7,95.0,31.25,57.62,28.28,24.0,40.0,37.1,100.65,95.0,64.0,127.0,34.25,67.67,0.6723,0
10,1,15,Dom Ministerstv,Dom Ministerstv,3334,49.84,28.0,15.0,115.0,25.0,93.98,5.9,0.0,20.0,12.9,55.74,32.0,17.0,124.0,34.0,96.36,1.7288,0
10,2,13,Biznes tsentr Asyl-Tau,Astana EKSPO,3140,97.12,90.0,64.0,123.0,32.0,62.25,24.82,23.0,37.0,11.71,121.95,115.0,85.0,152.0,34.0,63.63,0.5218,0
10,2,7,Astana EKSPO,Astana EKSPO,3130,79.96,71.0,45.0,103.0,32.75,109.58,5.44,3.0,15.0,8.93,85.4,77.0,49.0,109.1,34.0,109.69,1.2844,0
12,1,13,AO Kazmunaigaz,AO Kazmunaigaz,2912,61.62,51.0,35.0,89.0,25.0,47.13,38.96,33.0,62.9,31.91,100.57,88.0,64.1,140.0,34.0,59.52,0.5918,0
12,2,45,Korgalzhinskaia trassa,Park Astana,111,58.89,58.0,34.0,92.0,32.0,23.97,33.31,26.0,51.0,34.96,92.2,86.0,59.0,129.0,33.5,41.34,0.4484,0
12,2,48,Prospekt Saryarka,Shkola-litsei No. 15,11,59.91,52.0,30.0,90.0,35.5,28.37,33.82,34.0,37.0,11.99,93.73,88.0,64.0,126.0,33.5,28.02,0.299,0
46,2,36,Akan Sery,Ardagerler,4162,46.5,44.0,21.0,77.0,28.0,25.34,9.12,3.0,25.0,21.35,55.62,52.0,24.0,87.0,33.0,34.55,0.6212,0
46,2,38,Ardagerler,Ardagerler,4102,49.82,44.0,25.0,82.0,26.0,26.31,25.23,23.0,47.0,16.38,75.05,71.0,45.0,108.0,33.0,28.5,0.3798,0
12,2,34,Dom ministerstv,Dom ministerstv,2226,64.99,51.0,36.0,101.0,29.0,138.94,27.94,26.0,41.0,12.11,92.93,80.0,59.0,133.0,33.0,139.42,1.5003,0
12,2,43,Korgalzhinskaia trassa,Park Astana,2000,50.76,47.0,29.0,76.0,29.0,23.04,29.87,27.0,45.1,13.21,80.63,77.0,54.0,110.0,33.0,27.49,0.3409,0
10,2,46,Agrotekhnicheskii universitet,Agrotekhnicheskii universitet,24,63.17,66.0,30.2,87.7,40.25,24.11,24.08,21.0,48.6,16.26,87.25,88.5,54.5,106.7,32.75,29.85,0.3421,0
46,2,3,Bukhar zhyrau,Bukhar zhyrau,4112,76.97,68.0,48.0,101.0,27.0,57.73,20.55,19.0,34.0,14.94,97.52,89.0,63.0,131.0,32.0,59.44,0.6095,0
46,1,13,Akan Sery,Akan Sery,3945,42.65,36.0,19.0,71.0,29.0,27.25,19.29,18.0,32.0,12.7,61.94,57.0,35.0,91.0,32.0,29.2,0.4714,0
10,1,12,Mikroraion Samal,Dom ministerstv,3331,97.91,95.0,74.0,125.0,27.0,26.77,32.07,30.0,47.0,12.97,129.98,126.0,100.0,163.0,32.0,32.47,0.2498,0
12,1,31,Astana EKSPO,Biznes tsentr Asyl-Tau,2907,44.24,36.0,23.0,74.0,19.0,47.83,8.71,4.0,23.0,11.54,52.95,41.0,27.0,92.0,32.0,50.25,0.9489,0
12,1,29,Astana EKSPO,Astana EKSPO,2867,53.38,42.0,28.0,79.0,24.0,69.54,26.14,25.0,42.0,15.29,79.52,69.0,47.0,110.0,32.0,70.05,0.8808,0
12,1,27,Astana EKSPO,Astana EKSPO,2822,57.59,48.0,32.0,86.0,25.0,64.35,25.48,23.0,38.0,20.78,83.07,73.0,54.0,115.0,31.75,65.73,0.7912,0
46,2,22,Akan Sery,Akan Sery,4179,55.75,49.0,36.0,81.0,21.0,27.57,31.44,27.0,52.0,17.17,87.19,80.0,60.0,122.0,31.0,31.98,0.3668,0
46,1,15,Akan Sery,Akan Sery,3945,49.8,42.0,25.0,77.0,27.0,38.11,19.56,18.0,31.0,12.92,69.36,61.0,40.0,100.0,31.0,40.64,0.586,0
46,1,2,Akan Sery,Akan Sery,3839,102.59,93.0,66.0,123.0,27.0,110.95,16.06,12.0,29.0,52.61,118.65,107.0,76.0,143.0,31.0,125.52,1.0579,0
10,1,9,Narodnyi bank,Mikroraion Samal,3332,91.89,95.0,43.0,119.0,27.0,32.46,38.79,36.0,56.0,15.7,130.68,133.0,77.0,164.0,31.0,38.42,0.294,0
10,1,34,Detskii sad Balbulak,Detskii sad Balbulak,3315,89.99,84.0,55.0,119.0,28.0,40.88,28.39,26.0,45.0,17.95,118.38,112.0,82.0,155.0,31.0,42.83,0.3618,0
10,2,24,Biznes tsentr Asyl-Tau,Biznes tsentr Asyl-Tau,3141,37.66,15.0,6.0,93.0,25.0,64.22,33.06,27.0,49.0,37.54,70.71,45.0,28.0,137.0,31.0,83.96,1.1874,0
10,2,38,Agrotekhnicheskii universitet,Agrotekhnicheskii universitet,2908,54.68,53.0,29.0,80.0,32.0,29.46,19.38,19.0,33.0,16.45,74.06,71.0,45.0,101.0,31.0,32.95,0.4449,0
12,1,30,Astana EKSPO,Astana EKSPO,2902,45.82,38.0,25.0,72.0,24.0,40.41,19.98,20.0,36.0,15.39,65.8,60.0,35.0,99.0,31.0,44.03,0.6691,0
12,1,39,Detskii sad Balbulak,Detskii sad Balbulak,1379,59.65,52.0,32.0,83.0,27.0,50.53,22.09,21.0,34.0,19.55,81.74,75.0,48.8,108.2,31.0,53.27,0.6517,0
12,1,55,Kardiokhirurgicheskaia klinika,AO Kazmunaigaz,3,39.67,51.0,15.8,59.0,27.0,28.73,3.67,4.0,6.4,3.51,43.33,55.0,16.6,65.4,30.5,32.13,0.7415,0
46,2,4,Bukhar zhyrau,Bukhar zhyrau,4048,58.59,54.0,32.0,80.0,27.0,45.64,17.49,16.0,31.0,12.98,76.08,71.0,44.0,104.0,30.0,47.43,0.6234,0
10,2,23,Biznes tsentr Asyl-Tau,Biznes tsentr Asyl-Tau,3144,58.02,46.0,28.0,81.0,27.0,67.24,10.3,3.0,29.0,18.96,68.32,53.0,33.0,104.0,30.0,77.13,1.1288,0
10,2,29,Alibi Zhangel'dina,Alibi Zhangel'dina,3142,54.52,53.0,30.0,77.0,28.0,25.1,26.34,24.0,39.0,12.17,80.87,77.0,51.0,112.0,30.0,29.39,0.3635,0
10,2,4,Astana EKSPO,Astana EKSPO,3127,45.69,37.0,21.0,65.0,26.0,80.66,35.92,32.0,51.0,26.02,81.6,72.0,50.0,110.0,30.0,82.6,1.0122,0
12,1,23,Astana EKSPO,Astana EKSPO,2907,77.07,70.0,49.0,110.0,25.0,66.1,26.6,26.0,41.0,12.78,103.67,98.0,71.0,140.0,30.0,67.03,0.6466,0
12,2,41,Park Astana,Korgalzhinskaia trassa,2039,45.44,39.0,21.0,71.0,30.0,31.89,24.75,23.0,35.0,9.94,70.19,64.0,43.0,100.0,30.0,33.18,0.4727,0
10,2,47,Agrotekhnicheskii universitet,Agrotekhnicheskii universitet,17,55.59,54.0,36.8,82.6,27.0,18.39,24.12,21.0,38.4,10.9,79.71,75.0,53.8,100.6,30.0,24.35,0.3055,0
12,2,27,Astana EKSPO,Bukhar zhyrau,2226,37.33,14.0,7.0,81.5,26.0,70.73,28.08,26.0,44.0,17.7,65.41,44.0,30.0,119.0,29.75,73.32,1.1208,0
12,1,53,Biznes tsentr Asyl-Tau,AO Kazmunaigaz,8,46.88,46.5,7.7,85.1,35.25,30.69,6.0,2.5,13.7,11.48,52.88,48.5,27.3,88.4,29.75,28.21,0.5334,0
46,2,35,Akan Sery,Akan Sery,4184,44.16,39.0,21.0,74.0,19.0,49.16,19.03,16.0,41.0,19.67,63.19,59.0,28.0,98.0,29.0,52.45,0.8299,0
46,1,8,Aktobe,Akan Sery,3931,72.1,44.0,26.0,160.0,28.0,140.88,7.6,3.0,21.0,13.41,79.69,51.0,33.0,166.0,29.0,141.36,1.7739,0
46,1,5,Akan Sery,Akan Sery,3720,123.97,51.0,33.0,83.0,26.0,423.75,22.83,21.0,37.0,12.7,146.8,76.0,53.0,112.0,29.0,420.23,2.8626,0
10,2,45,Agrotekhnicheskii universitet,Agrotekhnicheskii universitet,27,55.26,53.0,30.2,77.8,31.0,20.35,26.33,24.0,38.2,12.87,81.59,82.0,52.4,109.6,29.0,23.39,0.2867,0
46,2,37,Ardagerler,Ardagerler,4136,46.64,45.0,25.0,67.0,20.0,21.88,15.29,10.0,36.0,16.1,61.93,58.0,36.0,91.0,28.0,25.93,0.4188,0
46,1,10,Akan Sery,Akan Sery,3945,53.56,53.0,25.0,71.0,24.0,38.86,20.28,19.0,34.0,13.62,73.85,71.0,41.0,98.0,28.0,41.73,0.5651,0
10,2,30,Alibi Zhangel'dina,Agrotekhnicheskii universitet,3143,73.68,73.0,50.0,92.0,16.0,25.26,37.04,34.0,57.0,16.8,110.72,109.0,80.0,140.0,28.0,31.77,0.2869,0
10,2,39,Agrotekhnicheskii universitet,Agrotekhnicheskii universitet,2886,56.3,52.0,33.0,78.0,25.0,42.86,25.43,24.0,37.0,12.34,81.73,76.0,55.0,106.5,28.0,43.88,0.5369,0
12,2,4,Bol'nitsa Meditsinskogo tsentra UDP RK,Astana EKSPO,2128,67.84,64.0,45.0,92.0,26.0,25.99,18.96,18.0,31.0,11.22,86.8,83.0,60.0,115.0,28.0,28.08,0.3235,0
10,2,42,Agrotekhnicheskii universitet,Agrotekhnicheskii universitet,54,61.69,55.0,31.6,87.1,31.0,29.74,26.06,25.0,40.7,11.14,87.74,84.5,57.2,115.0,28.0,30.74,0.3503,0
10,2,48,Agrotekhnicheskii universitet,Il'iasa Esenberlina,14,62.0,62.0,35.2,83.8,30.5,19.54,20.57,21.5,30.8,8.36,82.57,80.5,54.5,109.8,27.75,21.58,0.2613,0
46,1,7,Aktobe,Aktobe,3920,66.76,35.0,22.0,60.0,18.0,251.84,27.89,26.0,47.0,17.03,94.65,63.0,44.0,94.0,27.0,249.41,2.6351,0
10,2,12,Bol'nitsa Meditsinskogo tsentra UDP RK,Biznes tsentr Asyl-Tau,3133,70.03,66.0,45.0,94.0,20.0,35.72,26.93,25.0,40.0,12.34,96.96,94.0,66.0,124.0,27.0,39.04,0.4027,0
12,1,37,Detskii sad Balbulak,Detskii sad Balbulak,2816,50.48,48.0,30.0,71.5,20.0,26.44,23.14,22.0,37.0,12.1,73.62,71.0,46.0,99.5,27.0,29.34,0.3985,0
12,2,12,Astana EKSPO,Astana EKSPO,2206,65.58,50.0,34.0,80.0,22.0,158.18,24.11,22.0,38.0,11.31,89.69,74.0,53.0,111.0,27.0,157.05,1.751,0
46,2,34,Akan Sery,Akan Sery,4184,40.72,33.0,20.0,76.0,17.0,29.37,21.25,19.0,37.0,15.59,61.97,53.0,34.0,105.0,26.0,33.34,0.5381,0
10,1,10,Mikroraion Samal,Mikroraion Samal,3332,69.65,67.0,46.0,94.0,24.0,21.93,35.03,33.0,49.0,12.8,104.68,103.0,78.0,131.0,26.0,25.58,0.2444,0
46,1,12,Akan Sery,Akan Sery,3941,38.37,31.0,20.0,63.0,16.0,27.72,8.34,3.0,22.0,11.44,46.71,37.0,24.0,82.0,25.0,31.68,0.6783,0
10,2,8,Astana EKSPO,Astana EKSPO,3132,66.32,60.0,48.0,78.0,12.0,79.11,33.91,31.0,55.0,16.18,100.23,93.0,73.0,123.0,25.0,79.28,0.7909,0
12,2,9,Astana EKSPO,Astana EKSPO,2163,71.53,59.0,46.0,84.0,13.0,132.37,29.46,26.0,49.0,17.82,101.0,89.0,69.0,120.8,24.5,131.76,1.3046,0
46,2,5,Bukhar zhyrau,Bukhar zhyrau,4054,72.28,69.0,38.3,87.0,22.0,67.3,18.81,17.0,31.0,16.22,91.09,87.0,55.0,112.0,24.0,68.49,0.7519,0
10,1,11,Mikroraion Samal,Mikroraion Samal,3331,47.08,45.0,28.0,63.0,19.5,74.21,40.39,38.0,57.0,14.83,87.46,85.0,62.0,110.0,24.0,75.02,0.8578,0
12,1,38,Detskii sad Balbulak,Detskii sad Balbulak,2513,55.93,53.0,35.0,79.0,21.0,24.34,24.1,23.0,35.0,11.28,80.03,77.0,55.0,105.0,24.0,26.51,0.3312,0
10,1,3,Agrotekhnicheskii universitet,Agrotekhnicheskii universitet,3335,39.51,39.0,22.0,58.0,20.5,15.28,27.93,26.0,40.0,14.36,67.44,66.0,46.0,89.0,23.0,21.87,0.3242,0
10,1,13,Dom ministerstv,Dom Ministerstv,3332,64.42,55.0,42.0,80.0,17.0,140.04,31.34,30.0,49.0,15.64,95.76,87.0,68.0,116.0,23.0,140.0,1.4619,0
12,2,13,Astana EKSPO,Astana EKSPO,2214,55.83,42.0,31.0,75.0,17.0,123.36,25.6,24.0,39.0,11.52,81.42,67.0,52.0,108.0,23.0,122.76,1.5077,0
10,2,15,Biznes tsentr Asyl-Tau,Dvorets edinoborstv,3134,43.85,39.0,25.0,62.0,15.0,41.5,27.08,25.0,40.0,11.91,70.93,65.0,47.3,94.0,22.0,43.76,0.617,0
46,2,9,Bukhar zhyrau,Bukhar zhyrau,4130,58.11,42.0,29.0,65.0,15.0,152.3,26.3,25.0,41.0,14.9,84.4,67.0,51.0,99.0,20.0,151.44,1.7943,0
46,1,14,Akan Sery,Akan Sery,3944,35.49,30.0,20.0,54.0,12.0,24.77,16.96,15.0,30.0,12.29,52.44,46.0,31.0,78.0,20.0,28.39,0.5414,0
12,2,11,Astana EKSPO,Astana EKSPO,2198,74.1,55.0,40.0,81.0,16.0,188.33,18.09,17.0,29.0,10.69,92.19,72.0,55.0,106.0,20.0,187.17,2.0302,0
46,1,11,Akan Sery,Akan Sery,3939,32.48,27.0,17.0,47.0,12.0,25.18,15.01,15.0,28.0,12.21,47.49,43.0,26.0,66.0,19.0,27.01,0.5687,0
10,2,11,Bol'nitsa Meditsinskogo tsentra UDP RK,Bol'nitsa Meditsinskogo tsentra UDP RK,3136,49.47,44.0,32.0,60.0,10.0,59.55,16.55,15.0,31.0,12.65,66.03,59.0,42.0,85.0,19.0,61.56,0.9324,0
12,1,3,Kladbishche,K'arlyg'ash balabak'shasy,2911,62.1,58.0,41.0,80.0,17.0,36.57,29.14,27.0,42.0,16.0,91.24,86.0,69.0,115.0,19.0,40.05,0.4389,0
12,2,20,Astana EKSPO,Astana EKSPO,2226,50.56,40.0,28.0,77.0,15.0,55.94,26.22,25.0,40.0,13.95,76.78,66.0,51.0,107.0,19.0,56.64,0.7378,0
10,1,4,Agrotekhnicheskii universitet,Agrotekhnicheskii universitet,3334,39.61,39.0,27.0,51.0,12.0,16.24,31.06,29.0,45.0,13.05,70.66,68.0,52.0,90.0,18.0,22.77,0.3223,0
12,2,3,Bol'nitsa Meditsinskogo tsentra UDP RK,Astana EKSPO,2182,54.32,48.0,32.0,67.0,14.0,44.79,21.29,20.0,34.0,13.91,75.61,68.0,52.0,95.0,18.0,44.43,0.5876,0
12,2,51,TD Daulet,Shkola-litsei No. 15,7,45.43,44.0,26.4,66.8,17.0,20.97,28.0,28.0,34.0,6.45,73.43,74.0,50.0,96.0,17.5,24.62,0.3352,0
46,1,3,Akan Sery,Akan Sery,3719,39.5,34.0,23.0,49.0,11.0,88.93,13.65,11.0,26.0,25.79,53.15,47.0,32.0,68.0,17.0,98.82,1.8592,0
46,1,4,Akan Sery,Akan Sery,3628,63.32,33.0,21.0,47.0,12.0,312.28,16.59,15.0,29.0,34.18,79.92,49.0,33.0,68.0,17.0,315.39,3.9464,0
10,2,10,Bol'nitsa Meditsinskogo tsentra UDP RK,Bol'nitsa Meditsinskogo tsentra UDP RK,3137,49.37,45.0,34.0,60.0,11.0,66.4,20.87,20.0,33.0,12.25,70.24,65.0,50.0,87.0,17.0,67.15,0.956,0
10,2,6,Astana EKSPO,Astana EKSPO,3116,40.85,36.0,22.0,54.0,17.0,62.98,0.73,0.0,0.0,4.88,41.59,36.0,22.0,56.0,17.0,63.34,1.5231,0
10,2,3,Bol'nitsa Meditsinskogo tsentra UDP RK,Astana EKSPO,3081,49.37,48.0,32.0,63.0,15.0,25.14,23.67,22.0,36.0,11.33,73.03,70.0,54.0,91.0,17.0,27.72,0.3796,0
10,2,22,Biznes tsentr Asyl-Tau,Biznes tsentr Asyl-Tau,3145,17.59,8.0,3.0,34.0,5.0,42.22,28.18,27.0,43.0,20.47,45.76,36.0,22.0,65.0,16.0,46.01,1.0053,0
12,2,6,Astana EKSPO,Astana EKSPO,2135,54.65,47.0,34.0,67.6,15.0,94.67,2.49,0.0,0.0,9.42,57.14,48.0,34.4,74.0,16.0,95.64,1.6737,0
12,2,7,Astana EKSPO,Astana EKSPO,2139,38.94,30.0,18.0,50.0,14.0,97.12,2.28,0.0,0.0,8.56,41.22,30.0,18.0,61.0,15.0,98.07,2.3795,0
10,2,5,Astana EKSPO,Astana EKSPO,3107,50.03,47.0,32.0,59.0,13.0,57.3,0.98,0.0,0.0,6.02,51.0,48.0,32.0,62.0,14.0,57.76,1.1325,0
10,2,51,TD Daulet,TD Daulet,2,59.0,59.0,50.2,67.8,11.0,15.56,14.5,14.5,16.5,3.54,73.5,73.5,62.7,84.3,13.5,19.09,0.2598,0
46,2,48,Mu'sa dukeni,Mu'sa dukeni,8,41.5,27.5,19.1,73.4,9.0,44.29,15.13,16.0,25.6,8.97,56.63,47.5,26.7,89.4,12.75,45.92,0.811,0
10,2,50,TD Daulet,TD Daulet,5,44.8,44.0,33.6,56.2,19.0,11.12,22.0,19.0,28.6,6.04,66.8,65.0,61.2,73.0,10.0,5.93,0.0888,0
12,2,55,Teatr Zhastar,TD Daulet,2,76.5,76.5,75.3,77.7,1.5,2.12,29.0,29.0,29.0,0.0,105.5,105.5,104.3,106.7,1.5,2.12,0.0201,0
46,2,50,Nauryz48,Tarbagatai,2,25.0,25.0,21.0,29.0,5.0,7.07,22.0,22.0,25.2,5.66,47.0,47.0,46.2,47.8,1.0,1.41,0.0301,0
12,2,56,TD Daulet,TD Daulet,2,44.0,44.0,40.0,48.0,5.0,7.07,17.0,17.0,21.0,7.07,61.0,61.0,61.0,61.0,0.0,0.0,0.0,0
10,1,47,Finansovyi tsentr,Dom Ministerstv,1,71.0,71.0,71.0,71.0,0.0,,0.0,0.0,0.0,,71.0,71.0,71.0,71.0,0.0,,,0
46,1,47,Karakat,Zharkyn,1,78.0,78.0,78.0,78.0,0.0,,0.0,0.0,0.0,,78.0,78.0,78.0,78.0,0.0,,,0
