route_id,route_short_name,direction_id,segment,start_guid,end_guid,start_stop_name,end_stop_name,observation_count,median_run_time_seconds,mean_run_time_seconds,p10_run_time_seconds,p25_run_time_seconds,p75_run_time_seconds,p90_run_time_seconds,std_run_time_seconds,min_run_time_seconds,max_run_time_seconds,p90_median_ratio
d626b854-27aa-41d4-8625-ebafa73d8f21,10,1,2,09b35dc0-2e95-4c03-b488-5eda1557f68b,d81e04ca-9213-4363-b2d1-34580954fc9e,Ulitsa Birzhan sal,Ulitsa Il'iasa Esenberlina,3330.0,138.0,140.35,93.0,114.0,163.0,186.0,45.98,6.0,936.0,1.35
d626b854-27aa-41d4-8625-ebafa73d8f21,10,1,3,d81e04ca-9213-4363-b2d1-34580954fc9e,f61c6540-7d01-4563-a8a6-ef667d64ea20,Ulitsa Il'iasa Esenberlina,Agrotekhnicheskii universitet,3333.0,39.0,39.53,22.0,29.0,49.0,58.0,15.26,1.0,183.0,1.49
d626b854-27aa-41d4-8625-ebafa73d8f21,10,1,4,f61c6540-7d01-4563-a8a6-ef667d64ea20,4fddb84f-fb97-43b8-a619-e667607dc9de,Agrotekhnicheskii universitet,Meditsinskii universitet Astana,3330.0,39.0,39.65,27.0,33.0,45.0,51.0,16.19,1.0,638.0,1.31
d626b854-27aa-41d4-8625-ebafa73d8f21,10,1,5,4fddb84f-fb97-43b8-a619-e667607dc9de,5ea2fd87-18be-448c-ba4a-011ed7449f1e,Meditsinskii universitet Astana,Politekhnicheskii kolledzh,3335.0,98.0,96.9,61.0,74.0,113.0,126.0,31.93,12.0,471.0,1.29
d626b854-27aa-41d4-8625-ebafa73d8f21,10,1,6,5ea2fd87-18be-448c-ba4a-011ed7449f1e,90bbca78-c461-4348-9ec8-4911c68a3ae3,Politekhnicheskii kolledzh,Biznes tsentr Marden,3334.0,99.0,101.78,66.0,82.0,120.0,138.0,32.93,12.0,458.0,1.39
d626b854-27aa-41d4-8625-ebafa73d8f21,10,1,7,90bbca78-c461-4348-9ec8-4911c68a3ae3,639393f6-22fb-4ab6-a13d-98f9131736b2,Biznes tsentr Marden,Narodnyi bank,3335.0,115.0,118.97,79.0,95.0,136.5,161.0,37.93,9.0,677.0,1.4
d626b854-27aa-41d4-8625-ebafa73d8f21,10,1,8,639393f6-22fb-4ab6-a13d-98f9131736b2,e0edfbd5-454b-49aa-bd3f-9f55d679c2a4,Narodnyi bank,Ulitsa Amangel'dy Imanova,3335.0,174.0,176.83,118.0,141.0,205.0,238.0,53.56,3.0,895.0,1.37
d626b854-27aa-41d4-8625-ebafa73d8f21,10,1,9,e0edfbd5-454b-49aa-bd3f-9f55d679c2a4,3abac3ba-87c0-480c-aa39-fc3ec081e9c6,Ulitsa Amangel'dy Imanova,Zhanibek Tarkhana,3332.0,95.0,91.89,43.0,80.0,107.0,119.0,32.46,7.0,568.0,1.25
d626b854-27aa-41d4-8625-ebafa73d8f21,10,1,10,3abac3ba-87c0-480c-aa39-fc3ec081e9c6,4aed197d-2627-48aa-9191-4b45ed52ddbb,Zhanibek Tarkhana,Mikroraion Samal,3332.0,67.0,69.65,46.0,56.0,80.0,94.0,21.93,8.0,272.0,1.4
d626b854-27aa-41d4-8625-ebafa73d8f21,10,1,11,4aed197d-2627-48aa-9191-4b45ed52ddbb,f86c97bc-80c0-4a7e-bbc0-4dbff06148ab,Mikroraion Samal,Park Atatiurk,3326.0,45.0,45.88,28.0,36.0,55.0,63.0,15.86,1.0,234.0,1.4
d626b854-27aa-41d4-8625-ebafa73d8f21,10,1,12,f86c97bc-80c0-4a7e-bbc0-4dbff06148ab,7e094e15-7fe2-424d-be5d-c650a7eaac09,Park Atatiurk,Ulitsa Amman,3331.0,95.0,97.91,74.0,83.0,110.0,125.0,26.77,10.0,705.0,1.32
d626b854-27aa-41d4-8625-ebafa73d8f21,10,1,13,7e094e15-7fe2-424d-be5d-c650a7eaac09,0c611096-98ec-4284-85e1-68523f4436d3,Ulitsa Amman,Dom ministerstv,3328.0,55.0,59.82,42.0,48.0,65.0,80.0,24.81,5.0,494.0,1.45
d626b854-27aa-41d4-8625-ebafa73d8f21,10,1,14,0c611096-98ec-4284-85e1-68523f4436d3,6de59510-6e48-4efa-8459-b2c0d2766247,Dom ministerstv,Kazakhstan temir zholy,3315.0,333.0,393.71,240.0,274.0,468.0,625.6,190.05,4.0,1753.0,1.88
d626b854-27aa-41d4-8625-ebafa73d8f21,10,1,15,6de59510-6e48-4efa-8459-b2c0d2766247,160e90a6-0ebf-42f5-801d-bc26323a7705,Kazakhstan temir zholy,Ulitsa  Dinmukhameda Kunaeva,3311.0,28.0,48.94,15.0,21.0,46.0,115.0,62.05,1.0,981.0,4.11
d626b854-27aa-41d4-8625-ebafa73d8f21,10,1,16,160e90a6-0ebf-42f5-801d-bc26323a7705,cac60a34-335b-43a0-aeb1-8d57a154facc,Ulitsa  Dinmukhameda Kunaeva,Kardiokhirurgicheskaia klinika,3280.0,90.0,98.7,41.0,66.0,115.0,150.0,63.57,1.0,957.0,1.67
d626b854-27aa-41d4-8625-ebafa73d8f21,10,1,17,cac60a34-335b-43a0-aeb1-8d57a154facc,870084cf-ed0b-4bbd-bea0-368b5bce2425,Kardiokhirurgicheskaia klinika,Kardiokhirurgicheskaia klinika,3252.0,101.0,143.69,66.0,81.0,170.0,278.0,112.57,4.0,1286.0,2.75
d626b854-27aa-41d4-8625-ebafa73d8f21,10,1,18,870084cf-ed0b-4bbd-bea0-368b5bce2425,bf58aae9-f17c-4eb5-b280-bd59ef34e7d4,Kardiokhirurgicheskaia klinika,Tsentr neirokhirurgii,3321.0,201.0,210.92,9.0,89.0,282.0,411.0,167.7,1.0,1730.0,2.04
d626b854-27aa-41d4-8625-ebafa73d8f21,10,1,19,bf58aae9-f17c-4eb5-b280-bd59ef34e7d4,edca5c3c-a4bf-4aad-b25a-fa60e056cb86,Tsentr neirokhirurgii,Biznes tsentr Asyl-Tau,3285.0,13.0,65.23,4.0,7.0,85.0,191.6,106.03,1.0,1109.0,14.74
d626b854-27aa-41d4-8625-ebafa73d8f21,10,1,20,edca5c3c-a4bf-4aad-b25a-fa60e056cb86,c885bb33-9730-4071-9429-8ad8e56f4a7e,Biznes tsentr Asyl-Tau,Dvorets edinoborstv im. Zhaksylyka Ushkempirova,3302.0,73.0,78.39,12.0,46.0,106.0,132.0,52.25,1.0,783.0,1.81
d626b854-27aa-41d4-8625-ebafa73d8f21,10,1,21,c885bb33-9730-4071-9429-8ad8e56f4a7e,25160f65-5b76-42df-8126-ba7e0dca32d0,Dvorets edinoborstv im. Zhaksylyka Ushkempirova,Stadion Astana-Arena,3332.0,67.0,74.42,40.0,49.0,90.0,114.0,40.04,1.0,632.0,1.7
d626b854-27aa-41d4-8625-ebafa73d8f21,10,1,22,25160f65-5b76-42df-8126-ba7e0dca32d0,8d5505db-a9f3-4d54-9b9e-bfd7f6e60265,Stadion Astana-Arena,Ledovyi dvorets Alau,3335.0,90.0,90.13,52.0,71.0,108.0,121.0,31.46,4.0,416.0,1.34
d626b854-27aa-41d4-8625-ebafa73d8f21,10,1,23,8d5505db-a9f3-4d54-9b9e-bfd7f6e60265,ad8964a3-38aa-4ec7-be27-55d4fa8437de,Ledovyi dvorets Alau,ZhK Ekspo-Plaza,3335.0,95.0,98.22,62.0,77.0,113.0,132.0,35.5,11.0,484.0,1.39
d626b854-27aa-41d4-8625-ebafa73d8f21,10,1,24,ad8964a3-38aa-4ec7-be27-55d4fa8437de,12cabd75-d75d-4b82-8364-770c7812d47f,ZhK Ekspo-Plaza,Nazarbaev universitet,3335.0,97.0,104.52,64.0,77.0,118.5,144.0,48.34,6.0,596.0,1.48
d626b854-27aa-41d4-8625-ebafa73d8f21,10,1,25,12cabd75-d75d-4b82-8364-770c7812d47f,a63cf9b0-b800-4694-9701-ff96efc9a37d,Nazarbaev universitet,Tsentral'nyi gospital',3335.0,90.0,91.2,40.0,66.0,114.0,134.0,42.86,2.0,999.0,1.49
d626b854-27aa-41d4-8625-ebafa73d8f21,10,1,26,a63cf9b0-b800-4694-9701-ff96efc9a37d,97fe4589-8e42-4006-b28b-a0fdb7f06199,Tsentral'nyi gospital',ZhK Budapesht,3334.0,52.0,64.32,28.0,35.0,79.0,110.0,55.03,3.0,811.0,2.12
d626b854-27aa-41d4-8625-ebafa73d8f21,10,1,27,97fe4589-8e42-4006-b28b-a0fdb7f06199,06eee664-f6eb-43f7-ac6a-de0d6e693a27,ZhK Budapesht,Stela Zvezda Astany,3333.0,77.0,92.8,25.2,40.0,105.0,133.0,91.13,1.0,1059.0,1.73
d626b854-27aa-41d4-8625-ebafa73d8f21,10,1,28,06eee664-f6eb-43f7-ac6a-de0d6e693a27,04fd1fc3-b800-465a-be89-5367e0313d21,Stela Zvezda Astany,Karkaralinskoe shosse,3327.0,30.0,46.27,20.0,25.0,61.0,89.0,44.61,1.0,675.0,2.97
d626b854-27aa-41d4-8625-ebafa73d8f21,10,1,29,04fd1fc3-b800-465a-be89-5367e0313d21,ccf9d9ab-2a88-4d8f-aa7d-4d3b7eaf7a50,Karkaralinskoe shosse,ZhK Family Park,3328.0,69.0,68.32,27.0,52.75,84.0,96.0,45.81,1.0,1724.0,1.39
d626b854-27aa-41d4-8625-ebafa73d8f21,10,1,30,ccf9d9ab-2a88-4d8f-aa7d-4d3b7eaf7a50,3e758949-78d7-4c07-b00b-e81d572481ee,ZhK Family Park,Kanal Nura-Esil',3334.0,76.0,76.61,34.0,52.0,87.0,100.0,74.77,3.0,1588.0,1.32
d626b854-27aa-41d4-8625-ebafa73d8f21,10,1,31,3e758949-78d7-4c07-b00b-e81d572481ee,bc1ee4e3-ab3a-4b4f-81cd-46eba42d01df,Kanal Nura-Esil',Sadovodcheskoe obshchestvo Aviator,3331.0,41.0,49.5,28.0,35.0,63.0,81.0,25.72,3.0,571.0,1.98
d626b854-27aa-41d4-8625-ebafa73d8f21,10,1,32,bc1ee4e3-ab3a-4b4f-81cd-46eba42d01df,b27e4484-f45f-490f-b75f-d3c0c5f01eba,Sadovodcheskoe obshchestvo Aviator,ul. Zhanadariia,3331.0,65.0,69.18,36.0,50.0,79.0,102.0,37.04,3.0,1119.0,1.57
d626b854-27aa-41d4-8625-ebafa73d8f21,10,1,33,b27e4484-f45f-490f-b75f-d3c0c5f01eba,13a79ef8-965a-440a-be79-13f1aa3b7e6f,ul. Zhanadariia,zh/m Prigorodnyi,3323.0,102.0,123.67,63.0,78.5,174.0,211.0,60.63,4.0,538.0,2.07
d626b854-27aa-41d4-8625-ebafa73d8f21,10,1,34,13a79ef8-965a-440a-be79-13f1aa3b7e6f,28407e90-671f-482f-95f4-c692dd4d1e90,zh/m Prigorodnyi,Ulitsa Arnasai,3315.0,84.0,89.99,55.0,70.0,98.0,119.0,40.88,4.0,735.0,1.42
d626b854-27aa-41d4-8625-ebafa73d8f21,10,1,35,28407e90-671f-482f-95f4-c692dd4d1e90,b42cb534-1201-4a4d-9b60-3774280e24fa,Ulitsa Arnasai,Mechet' Al'zhan Ana,3331.0,60.0,61.53,28.0,39.0,77.0,93.0,33.41,2.0,579.0,1.55
d626b854-27aa-41d4-8625-ebafa73d8f21,10,1,36,28407e90-671f-482f-95f4-c692dd4d1e90,b42cb534-1201-4a4d-9b60-3774280e24fa,Ulitsa Arnasai,Mechet' Al'zhan Ana,1789.0,44.0,50.32,25.0,31.0,62.0,77.0,37.82,3.0,784.0,1.75
d626b854-27aa-41d4-8625-ebafa73d8f21,10,1,37,28407e90-671f-482f-95f4-c692dd4d1e90,b42cb534-1201-4a4d-9b60-3774280e24fa,Ulitsa Arnasai,Mechet' Al'zhan Ana,330.0,41.5,78.92,23.0,29.0,66.0,273.9,106.25,6.0,643.0,6.6
d626b854-27aa-41d4-8625-ebafa73d8f21,10,1,38,28407e90-671f-482f-95f4-c692dd4d1e90,b42cb534-1201-4a4d-9b60-3774280e24fa,Ulitsa Arnasai,Mechet' Al'zhan Ana,57.0,301.0,290.14,28.0,116.0,365.0,475.2,194.24,12.0,857.0,1.58
d626b854-27aa-41d4-8625-ebafa73d8f21,10,1,39,daee5445-ae51-4bce-89ef-291e7c3b9ae0,e9a3808a-45e7-4f39-9379-763d701979e7,ul. Bukhar zhyrau,Triumfal'naia arka Mangilik El,41.0,251.0,262.05,68.0,83.0,424.0,510.0,186.64,23.0,624.0,2.03
d626b854-27aa-41d4-8625-ebafa73d8f21,10,1,40,e9a3808a-45e7-4f39-9379-763d701979e7,6cb18f4c-19a8-4fce-9bd3-f4b918a13d8a,Triumfal'naia arka Mangilik El,K'arlyg'ash balabak'shasy,32.0,89.5,131.22,16.2,32.0,144.5,315.3,161.82,10.0,772.0,3.52
d626b854-27aa-41d4-8625-ebafa73d8f21,10,1,41,6cb18f4c-19a8-4fce-9bd3-f4b918a13d8a,9e25e9c9-dd52-4436-ac0d-af6804369476,K'arlyg'ash balabak'shasy,ZhK Akzhaik,24.0,73.5,101.83,31.6,50.0,129.0,204.9,83.06,20.0,346.0,2.79
d626b854-27aa-41d4-8625-ebafa73d8f21,10,1,42,9e25e9c9-dd52-4436-ac0d-af6804369476,13c38731-1a07-40f0-a7ad-01c8539e2870,ZhK Akzhaik,Finansovyi tsentr,19.0,40.0,79.89,26.8,29.5,100.5,133.4,103.55,13.0,466.0,3.34
d626b854-27aa-41d4-8625-ebafa73d8f21,10,1,43,13c38731-1a07-40f0-a7ad-01c8539e2870,ec4e66cb-d30e-4e6a-9539-3051048f84da,Finansovyi tsentr,Dom Ministerstv,13.0,75.0,140.08,37.6,49.0,141.0,323.4,135.7,34.0,458.0,4.31
d626b854-27aa-41d4-8625-ebafa73d8f21,10,1,44,9e25e9c9-dd52-4436-ac0d-af6804369476,13c38731-1a07-40f0-a7ad-01c8539e2870,ZhK Akzhaik,Finansovyi tsentr,9.0,46.0,92.33,29.2,35.0,80.0,187.6,111.13,10.0,370.0,4.08
d626b854-27aa-41d4-8625-ebafa73d8f21,10,1,45,6cb18f4c-19a8-4fce-9bd3-f4b918a13d8a,9e25e9c9-dd52-4436-ac0d-af6804369476,K'arlyg'ash balabak'shasy,ZhK Akzhaik,4.0,98.0,130.75,36.7,45.25,183.5,251.0,121.12,31.0,296.0,2.56
d626b854-27aa-41d4-8625-ebafa73d8f21,10,1,46,9e25e9c9-dd52-4436-ac0d-af6804369476,13c38731-1a07-40f0-a7ad-01c8539e2870,ZhK Akzhaik,Finansovyi tsentr,3.0,66.0,76.0,53.2,58.0,89.0,102.8,32.19,50.0,112.0,1.56
d626b854-27aa-41d4-8625-ebafa73d8f21,10,1,47,13c38731-1a07-40f0-a7ad-01c8539e2870,ec4e66cb-d30e-4e6a-9539-3051048f84da,Finansovyi tsentr,Dom Ministerstv,1.0,71.0,71.0,71.0,71.0,71.0,71.0,,71.0,71.0,1.0
d626b854-27aa-41d4-8625-ebafa73d8f21,10,2,2,eb69b78a-a836-40b3-8ca7-a7b8aaed7ec6,19d56c0b-6421-4f46-8ec3-2781ee8b93ec,Mechet' Al'zhan Ana,Ulitsa Arnasai,3113.0,241.0,248.1,191.2,214.0,271.0,304.0,75.36,5.0,1550.0,1.26
d626b854-27aa-41d4-8625-ebafa73d8f21,10,2,3,19d56c0b-6421-4f46-8ec3-2781ee8b93ec,1617c71a-0c29-4ad2-b1b4-5ea952e80f75,Ulitsa Arnasai,zh/m Prigorodnyi,3080.0,48.0,49.38,32.0,40.0,55.0,63.0,25.12,4.0,619.0,1.31
d626b854-27aa-41d4-8625-ebafa73d8f21,10,2,4,1617c71a-0c29-4ad2-b1b4-5ea952e80f75,28764497-a568-434f-83dd-932a3c91e199,zh/m Prigorodnyi,Sarytogai,3122.0,37.0,43.99,21.0,26.0,52.0,65.0,40.97,2.0,1543.0,1.76
d626b854-27aa-41d4-8625-ebafa73d8f21,10,2,5,28764497-a568-434f-83dd-932a3c91e199,88b7ca3b-3501-4efe-b33f-701453ffa277,Sarytogai,ul. Zhanadariia,3105.0,47.0,49.36,32.0,40.0,53.0,59.0,42.94,1.0,1296.0,1.26
d626b854-27aa-41d4-8625-ebafa73d8f21,10,2,6,88b7ca3b-3501-4efe-b33f-701453ffa277,54623320-dd0b-452c-9ee8-9cf89671b8b0,ul. Zhanadariia,ZhK Aq-Jol,3115.0,36.0,40.14,22.0,28.0,45.0,54.0,48.64,2.0,1354.0,1.5
d626b854-27aa-41d4-8625-ebafa73d8f21,10,2,7,54623320-dd0b-452c-9ee8-9cf89671b8b0,a6d09382-75f3-4706-85e8-2a5b775af30c,ZhK Aq-Jol,Sadovodcheskoe obshchestvo Aviator,3125.0,71.0,76.24,45.0,56.0,88.0,102.0,56.03,2.0,1502.0,1.44
d626b854-27aa-41d4-8625-ebafa73d8f21,10,2,8,a6d09382-75f3-4706-85e8-2a5b775af30c,4614db92-63be-4042-bc5a-4f82ce5d47fe,Sadovodcheskoe obshchestvo Aviator,Kanal Nura-Esil',3129.0,60.0,64.22,48.0,54.0,66.0,78.0,37.13,2.0,1231.0,1.3
d626b854-27aa-41d4-8625-ebafa73d8f21,10,2,9,4614db92-63be-4042-bc5a-4f82ce5d47fe,bc3e6bd7-08c3-470f-9c82-e483399884de,Kanal Nura-Esil',ZhK Family Park,3133.0,110.0,121.53,69.0,87.0,135.0,183.0,69.13,7.0,1435.0,1.66
d626b854-27aa-41d4-8625-ebafa73d8f21,10,2,10,bc3e6bd7-08c3-470f-9c82-e483399884de,bf5784b8-65f2-46b7-824e-78e29e38f3d1,ZhK Family Park,Karkaralinskoe shosse,3135.0,45.0,48.03,34.0,40.0,51.0,60.0,39.96,1.0,1495.0,1.33
d626b854-27aa-41d4-8625-ebafa73d8f21,10,2,11,bf5784b8-65f2-46b7-824e-78e29e38f3d1,0a75a06f-8e5d-48f2-ac85-8211908d4c41,Karkaralinskoe shosse,Stella Zvezda Astany,3133.0,44.0,48.83,32.0,39.0,49.0,60.0,45.88,1.0,1635.0,1.36
d626b854-27aa-41d4-8625-ebafa73d8f21,10,2,12,0a75a06f-8e5d-48f2-ac85-8211908d4c41,a57b56fd-5f03-4ce5-bbef-6bcc23035352,Stella Zvezda Astany,Tsentral'nyi gospital',3132.0,66.0,70.05,45.0,57.0,77.0,94.0,35.7,1.0,678.0,1.42
d626b854-27aa-41d4-8625-ebafa73d8f21,10,2,13,a57b56fd-5f03-4ce5-bbef-6bcc23035352,ccd5e97f-c483-4209-96d7-8d64466fdc26,Tsentral'nyi gospital',Nazarbaev universitet,3140.0,90.0,97.12,64.0,76.0,108.0,123.0,62.25,3.0,1647.0,1.37
d626b854-27aa-41d4-8625-ebafa73d8f21,10,2,14,ccd5e97f-c483-4209-96d7-8d64466fdc26,0354d63f-65ad-4bef-b2e1-b79439bb9f31,Nazarbaev universitet,ZhK Ekspo-Plaza,3137.0,98.0,117.13,59.0,76.0,120.0,152.0,86.65,2.0,743.0,1.55
d626b854-27aa-41d4-8625-ebafa73d8f21,10,2,15,0354d63f-65ad-4bef-b2e1-b79439bb9f31,068882a1-be66-4fce-b012-98a2dd51acc8,ZhK Ekspo-Plaza,Ledovyi dvorets Alau,3126.0,39.0,43.96,25.0,33.0,48.0,62.0,41.5,1.0,1321.0,1.59
d626b854-27aa-41d4-8625-ebafa73d8f21,10,2,16,068882a1-be66-4fce-b012-98a2dd51acc8,609457bf-32ed-4cae-8bc4-56c755311af4,Ledovyi dvorets Alau,Stadion Astana-Arena,3140.0,104.0,120.13,64.0,80.0,128.0,163.0,92.8,2.0,1788.0,1.57
d626b854-27aa-41d4-8625-ebafa73d8f21,10,2,17,609457bf-32ed-4cae-8bc4-56c755311af4,cb981230-114b-4e6e-97a2-9234afcc4418,Stadion Astana-Arena,Dvorets edinoborstv,3139.0,97.0,97.05,61.0,77.0,116.0,132.0,51.02,1.0,1603.0,1.36
d626b854-27aa-41d4-8625-ebafa73d8f21,10,2,18,cb981230-114b-4e6e-97a2-9234afcc4418,d59b3173-0b00-4498-8684-00131374163c,Dvorets edinoborstv,Biznes tsentr Asyl-Tau,3142.0,76.0,85.1,38.0,52.0,101.0,139.0,51.34,1.0,900.0,1.83
d626b854-27aa-41d4-8625-ebafa73d8f21,10,2,19,d59b3173-0b00-4498-8684-00131374163c,af31f517-9fae-414c-918f-82aba623f587,Biznes tsentr Asyl-Tau,Tsentr neirokhirurgii,3143.0,108.0,107.74,58.0,81.0,125.0,154.0,49.85,1.0,741.0,1.43
d626b854-27aa-41d4-8625-ebafa73d8f21,10,2,20,af31f517-9fae-414c-918f-82aba623f587,e9dc4756-2990-4fa3-a0b8-a04d6312f913,Tsentr neirokhirurgii,Ulitsa  Dinmukhameda Kunaeva,3138.0,53.0,82.76,37.0,43.0,75.0,143.0,101.99,1.0,1358.0,2.7
d626b854-27aa-41d4-8625-ebafa73d8f21,10,2,21,e9dc4756-2990-4fa3-a0b8-a04d6312f913,68738775-8984-47fb-a284-7b3a3e2a54cf,Ulitsa  Dinmukhameda Kunaeva,Ulitsa  Dinmukhameda Kunaeva,3137.0,354.0,371.08,205.0,267.0,449.0,558.4,169.51,2.0,1771.0,1.58
d626b854-27aa-41d4-8625-ebafa73d8f21,10,2,22,68738775-8984-47fb-a284-7b3a3e2a54cf,06232fac-a185-48c0-8ac7-70a493306087,Ulitsa  Dinmukhameda Kunaeva,Kazakhstan temir zholy,3082.0,8.0,17.94,3.0,5.0,10.0,34.0,42.58,1.0,750.0,4.25
d626b854-27aa-41d4-8625-ebafa73d8f21,10,2,23,06232fac-a185-48c0-8ac7-70a493306087,542282bd-62d3-4c68-8246-e81186171837,Kazakhstan temir zholy,Kazakhstan temir zholy,3142.0,46.0,58.06,28.0,35.0,62.0,81.0,67.25,1.0,1582.0,1.76
d626b854-27aa-41d4-8625-ebafa73d8f21,10,2,24,542282bd-62d3-4c68-8246-e81186171837,2ca9397c-8bbe-40c0-9a6d-545216696cfe,Kazakhstan temir zholy,Dom ministerstv,3106.0,15.0,38.08,6.0,10.0,35.0,98.5,64.45,1.0,724.0,6.57
d626b854-27aa-41d4-8625-ebafa73d8f21,10,2,25,2ca9397c-8bbe-40c0-9a6d-545216696cfe,1cebd4f9-b4db-4bed-8f51-5a5b7f3ab5e3,Dom ministerstv,ZhK Milanskii kvartal,3131.0,173.0,206.9,85.0,131.0,239.0,352.0,150.46,1.0,1681.0,2.03
d626b854-27aa-41d4-8625-ebafa73d8f21,10,2,26,1cebd4f9-b4db-4bed-8f51-5a5b7f3ab5e3,e0b23f68-0123-40e5-ac0d-71b4af6b7274,ZhK Milanskii kvartal,Ulitsa Amman,3143.0,263.0,260.75,95.0,198.0,329.0,396.8,115.74,4.0,956.0,1.51
d626b854-27aa-41d4-8625-ebafa73d8f21,10,2,27,e0b23f68-0123-40e5-ac0d-71b4af6b7274,d32c99c4-e064-4c62-a74e-fdfd54f9341c,Ulitsa Amman,Ulitsa Zhumabeka Tashenova,3140.0,103.0,108.26,58.0,73.0,123.0,153.0,56.66,1.0,557.0,1.49
d626b854-27aa-41d4-8625-ebafa73d8f21,10,2,28,d32c99c4-e064-4c62-a74e-fdfd54f9341c,acabcf72-2a19-4891-979d-01cbd346878d,Ulitsa Zhumabeka Tashenova,Park Atatiurk,3143.0,90.0,95.5,42.0,58.0,124.0,156.0,49.0,3.0,657.0,1.73
d626b854-27aa-41d4-8625-ebafa73d8f21,10,2,29,acabcf72-2a19-4891-979d-01cbd346878d,527f6d97-4b07-45e8-b2d8-794dbc40075b,Park Atatiurk,Mikroraion Samal,3141.0,53.0,54.54,30.0,38.0,66.0,77.0,25.08,1.0,344.0,1.45
d626b854-27aa-41d4-8625-ebafa73d8f21,10,2,30,527f6d97-4b07-45e8-b2d8-794dbc40075b,d78e223c-3a67-42db-91eb-12858d261cb0,Mikroraion Samal,Ulitsa Amangel'dy Imanova,3143.0,73.0,73.68,50.0,65.0,81.0,92.0,25.26,3.0,503.0,1.26
d626b854-27aa-41d4-8625-ebafa73d8f21,10,2,31,d78e223c-3a67-42db-91eb-12858d261cb0,27123abe-5a4f-4116-b048-4e2d32d8a104,Ulitsa Amangel'dy Imanova,Narodnyi bank,3141.0,59.0,63.53,34.0,43.0,76.0,94.0,31.84,1.0,624.0,1.59
d626b854-27aa-41d4-8625-ebafa73d8f21,10,2,32,27123abe-5a4f-4116-b048-4e2d32d8a104,fe106f1e-bc78-493a-a353-8ec1b0ab30aa,Narodnyi bank,Biznes tsentr Marden,3142.0,109.0,105.48,47.0,65.0,137.0,157.0,49.13,2.0,553.0,1.44
d626b854-27aa-41d4-8625-ebafa73d8f21,10,2,33,fe106f1e-bc78-493a-a353-8ec1b0ab30aa,c07d5a37-7945-403c-83a0-a6a84c87944c,Biznes tsentr Marden,Alibi Zhangel'dina,3144.0,171.0,163.2,60.0,138.0,195.0,237.0,68.79,7.0,1123.0,1.39
d626b854-27aa-41d4-8625-ebafa73d8f21,10,2,34,c07d5a37-7945-403c-83a0-a6a84c87944c,180c6cec-9a94-4a62-a902-168555638d9c,Alibi Zhangel'dina,Politekhnicheskii kolledzh,3143.0,56.0,63.1,33.0,41.0,74.0,91.0,37.43,2.0,504.0,1.62
d626b854-27aa-41d4-8625-ebafa73d8f21,10,2,35,180c6cec-9a94-4a62-a902-168555638d9c,de17c14c-a026-47c4-9c55-d1729bf48ce6,Politekhnicheskii kolledzh,Meditsinskii universitet Astana,3135.0,70.0,72.9,41.0,52.0,89.0,105.0,29.59,3.0,493.0,1.5
d626b854-27aa-41d4-8625-ebafa73d8f21,10,2,36,de17c14c-a026-47c4-9c55-d1729bf48ce6,782c5de3-4a10-4129-9dfb-8f19e6c95a25,Meditsinskii universitet Astana,Agrotekhnicheskii universitet,2968.0,69.0,72.37,41.7,53.75,85.0,95.0,57.62,2.0,1355.0,1.38
d626b854-27aa-41d4-8625-ebafa73d8f21,10,2,37,782c5de3-4a10-4129-9dfb-8f19e6c95a25,04530e5f-9e64-4ae3-a962-589640451d45,Agrotekhnicheskii universitet,Il'iasa Esenberlina,2922.0,50.0,52.73,29.1,35.0,68.0,76.0,28.88,2.0,813.0,1.52
d626b854-27aa-41d4-8625-ebafa73d8f21,10,2,38,04530e5f-9e64-4ae3-a962-589640451d45,6b2eda8b-de4f-4bae-b178-d19e439922d7,Il'iasa Esenberlina,Ulitsa Birzhan sal,2908.0,53.0,54.68,29.0,37.0,69.0,80.0,29.46,5.0,921.0,1.51
d626b854-27aa-41d4-8625-ebafa73d8f21,10,2,39,6b2eda8b-de4f-4bae-b178-d19e439922d7,e6719284-431b-4c10-bb30-4f2e99de2f98,Ulitsa Birzhan sal,TD Daulet,2886.0,52.0,56.3,33.0,40.0,65.0,78.0,42.86,4.0,778.0,1.5
d626b854-27aa-41d4-8625-ebafa73d8f21,10,2,40,e6719284-431b-4c10-bb30-4f2e99de2f98,623fcc14-2417-4d31-84b9-ec08483a12ea,TD Daulet,TD Daulet,2595.0,59.0,60.61,30.0,41.5,77.0,90.0,29.82,1.0,672.0,1.53
d626b854-27aa-41d4-8625-ebafa73d8f21,10,2,41,04530e5f-9e64-4ae3-a962-589640451d45,6b2eda8b-de4f-4bae-b178-d19e439922d7,Il'iasa Esenberlina,Ulitsa Birzhan sal,194.0,62.0,67.36,34.0,46.25,78.0,96.0,32.5,18.0,216.0,1.55
d626b854-27aa-41d4-8625-ebafa73d8f21,10,2,42,6b2eda8b-de4f-4bae-b178-d19e439922d7,e6719284-431b-4c10-bb30-4f2e99de2f98,Ulitsa Birzhan sal,TD Daulet,54.0,55.0,61.69,31.6,43.25,74.25,87.1,29.74,25.0,177.0,1.58
d626b854-27aa-41d4-8625-ebafa73d8f21,10,2,43,e6719284-431b-4c10-bb30-4f2e99de2f98,623fcc14-2417-4d31-84b9-ec08483a12ea,TD Daulet,TD Daulet,43.0,64.0,68.44,37.2,39.0,85.5,117.8,30.66,29.0,148.0,1.84
d626b854-27aa-41d4-8625-ebafa73d8f21,10,2,44,6b2eda8b-de4f-4bae-b178-d19e439922d7,e6719284-431b-4c10-bb30-4f2e99de2f98,Ulitsa Birzhan sal,TD Daulet,34.0,60.5,66.76,27.5,36.25,80.0,104.0,40.93,14.0,192.0,1.72
d626b854-27aa-41d4-8625-ebafa73d8f21,10,2,45,e6719284-431b-4c10-bb30-4f2e99de2f98,623fcc14-2417-4d31-84b9-ec08483a12ea,TD Daulet,TD Daulet,27.0,53.0,55.26,30.2,42.0,73.0,77.8,20.35,17.0,92.0,1.47
d626b854-27aa-41d4-8625-ebafa73d8f21,10,2,46,04530e5f-9e64-4ae3-a962-589640451d45,6b2eda8b-de4f-4bae-b178-d19e439922d7,Il'iasa Esenberlina,Ulitsa Birzhan sal,24.0,66.0,63.17,30.2,39.75,80.0,87.7,24.11,27.0,117.0,1.33
d626b854-27aa-41d4-8625-ebafa73d8f21,10,2,47,6b2eda8b-de4f-4bae-b178-d19e439922d7,e6719284-431b-4c10-bb30-4f2e99de2f98,Ulitsa Birzhan sal,TD Daulet,17.0,54.0,55.59,36.8,43.0,70.0,82.6,18.39,28.0,91.0,1.53
d626b854-27aa-41d4-8625-ebafa73d8f21,10,2,48,e6719284-431b-4c10-bb30-4f2e99de2f98,623fcc14-2417-4d31-84b9-ec08483a12ea,TD Daulet,TD Daulet,14.0,62.0,62.0,35.2,47.75,78.25,83.8,19.54,30.0,90.0,1.35
d626b854-27aa-41d4-8625-ebafa73d8f21,10,2,49,6b2eda8b-de4f-4bae-b178-d19e439922d7,623fcc14-2417-4d31-84b9-ec08483a12ea,Ulitsa Birzhan sal,TD Daulet,7.0,50.0,57.57,36.0,43.5,73.5,81.8,20.39,33.0,86.0,1.64
d626b854-27aa-41d4-8625-ebafa73d8f21,10,2,50,623fcc14-2417-4d31-84b9-ec08483a12ea,e6719284-431b-4c10-bb30-4f2e99de2f98,TD Daulet,TD Daulet,5.0,44.0,44.8,33.6,36.0,55.0,56.2,11.12,32.0,57.0,1.28
d626b854-27aa-41d4-8625-ebafa73d8f21,10,2,51,623fcc14-2417-4d31-84b9-ec08483a12ea,e6719284-431b-4c10-bb30-4f2e99de2f98,TD Daulet,TD Daulet,2.0,59.0,59.0,50.2,53.5,64.5,67.8,15.56,48.0,70.0,1.15
c453217f-9f9d-49ce-8b32-14a6b7013691,12,1,2,731aaea7-faff-4e78-b247-ae0f180e0052,6315f075-d165-40b9-b97c-aa60a49512d0,Shkola-litsei No. 15,ZhK Svechki,2888.0,123.0,133.31,79.0,99.0,148.25,174.0,104.96,1.0,1762.0,1.41
c453217f-9f9d-49ce-8b32-14a6b7013691,12,1,3,6315f075-d165-40b9-b97c-aa60a49512d0,50768bd6-38ce-4f3d-943d-a11b456905d2,ZhK Svechki,Prospekt Saryarka,2911.0,58.0,62.1,41.0,50.0,67.0,80.0,36.57,2.0,1044.0,1.38
c453217f-9f9d-49ce-8b32-14a6b7013691,12,1,4,50768bd6-38ce-4f3d-943d-a11b456905d2,d46249b9-2884-4b23-be59-9e5f54f49c89,Prospekt Saryarka,Sportivnyi kompleks ABYROY,2914.0,51.0,54.7,26.0,34.0,72.0,86.0,29.23,1.0,592.0,1.69
c453217f-9f9d-49ce-8b32-14a6b7013691,12,1,5,d46249b9-2884-4b23-be59-9e5f54f49c89,b2feffc5-c000-486c-9e55-99734f884cb0,Sportivnyi kompleks ABYROY,Shkola Zerde,2916.0,111.0,114.29,75.0,92.0,131.0,151.0,52.58,14.0,1662.0,1.36
c453217f-9f9d-49ce-8b32-14a6b7013691,12,1,6,b2feffc5-c000-486c-9e55-99734f884cb0,fe69c59f-7223-46c9-baf4-bc76f8e829ab,Shkola Zerde,Ulitsa Kenesary,2897.0,58.0,70.36,41.0,49.0,78.0,115.0,37.78,3.0,494.0,1.98
c453217f-9f9d-49ce-8b32-14a6b7013691,12,1,7,fe69c59f-7223-46c9-baf4-bc76f8e829ab,35914827-e837-47c4-93ce-d92d1d09d291,Ulitsa Kenesary,Park Astana,2918.0,109.0,104.58,28.0,65.0,135.0,160.0,57.67,1.0,689.0,1.47
c453217f-9f9d-49ce-8b32-14a6b7013691,12,1,8,35914827-e837-47c4-93ce-d92d1d09d291,21a7b5b4-3e01-4457-91da-b8cc6ac14bbd,Park Astana,TRTs KeruenCity,2913.0,111.0,115.53,62.0,85.0,139.0,165.8,58.1,1.0,1595.0,1.49
c453217f-9f9d-49ce-8b32-14a6b7013691,12,1,9,21a7b5b4-3e01-4457-91da-b8cc6ac14bbd,01a3134a-4649-496d-b4fa-aea764a50a8b,TRTs KeruenCity,TRTs Saryarka,2914.0,46.0,56.63,31.0,36.0,71.0,98.0,31.64,1.0,463.0,2.13
c453217f-9f9d-49ce-8b32-14a6b7013691,12,1,10,01a3134a-4649-496d-b4fa-aea764a50a8b,d124d339-88ed-42e4-8593-838cbad37811,TRTs Saryarka,Teatr Astana Opera,2904.0,81.0,79.17,31.0,40.0,109.0,125.0,41.1,2.0,344.0,1.54
c453217f-9f9d-49ce-8b32-14a6b7013691,12,1,11,d124d339-88ed-42e4-8593-838cbad37811,160e90a6-0ebf-42f5-801d-bc26323a7705,Teatr Astana Opera,Ulitsa  Dinmukhameda Kunaeva,2916.0,111.0,115.87,80.0,93.0,131.0,154.0,44.09,24.0,1353.0,1.39
c453217f-9f9d-49ce-8b32-14a6b7013691,12,1,12,160e90a6-0ebf-42f5-801d-bc26323a7705,6de59510-6e48-4efa-8459-b2c0d2766247,Ulitsa  Dinmukhameda Kunaeva,Kazakhstan temir zholy,2914.0,135.0,140.04,79.0,106.0,168.0,197.0,59.34,7.0,1062.0,1.46
c453217f-9f9d-49ce-8b32-14a6b7013691,12,1,13,6de59510-6e48-4efa-8459-b2c0d2766247,379d5591-eb02-45b1-b0b7-8407edfe55b4,Kazakhstan temir zholy,monument Baiterek,2911.0,51.0,61.64,35.0,42.0,67.0,89.0,47.12,3.0,1020.0,1.75
c453217f-9f9d-49ce-8b32-14a6b7013691,12,1,14,379d5591-eb02-45b1-b0b7-8407edfe55b4,0c611096-98ec-4284-85e1-68523f4436d3,monument Baiterek,Dom ministerstv,2914.0,101.0,120.19,41.0,65.0,136.0,230.7,92.09,1.0,1527.0,2.28
c453217f-9f9d-49ce-8b32-14a6b7013691,12,1,15,0c611096-98ec-4284-85e1-68523f4436d3,ec4e66cb-d30e-4e6a-9539-3051048f84da,Dom ministerstv,Dom Ministerstv,2917.0,199.0,201.74,61.0,123.0,259.0,327.0,116.61,2.0,1433.0,1.64
c453217f-9f9d-49ce-8b32-14a6b7013691,12,1,16,ec4e66cb-d30e-4e6a-9539-3051048f84da,13c38731-1a07-40f0-a7ad-01c8539e2870,Dom Ministerstv,Finansovyi tsentr,2912.0,78.0,95.33,47.0,61.0,102.0,149.0,75.23,3.0,1078.0,1.91
c453217f-9f9d-49ce-8b32-14a6b7013691,12,1,17,13c38731-1a07-40f0-a7ad-01c8539e2870,9e25e9c9-dd52-4436-ac0d-af6804369476,Finansovyi tsentr,ZhK Akzhaik,2913.0,110.0,124.83,29.0,71.0,152.0,218.0,96.3,2.0,1409.0,1.98
c453217f-9f9d-49ce-8b32-14a6b7013691,12,1,18,9e25e9c9-dd52-4436-ac0d-af6804369476,6cb18f4c-19a8-4fce-9bd3-f4b918a13d8a,ZhK Akzhaik,K'arlyg'ash balabak'shasy,2904.0,26.0,49.35,16.0,20.0,43.0,117.0,63.04,1.0,605.0,4.5
c453217f-9f9d-49ce-8b32-14a6b7013691,12,1,19,6cb18f4c-19a8-4fce-9bd3-f4b918a13d8a,e9a3808a-45e7-4f39-9379-763d701979e7,K'arlyg'ash balabak'shasy,Triumfal'naia arka Mangilik El,2905.0,30.0,65.97,14.0,19.0,66.0,170.0,106.33,1.0,1642.0,5.67
c453217f-9f9d-49ce-8b32-14a6b7013691,12,1,20,e9a3808a-45e7-4f39-9379-763d701979e7,daee5445-ae51-4bce-89ef-291e7c3b9ae0,Triumfal'naia arka Mangilik El,ul. Bukhar zhyrau,2850.0,168.0,192.87,61.9,125.0,213.0,297.0,164.31,1.0,1756.0,1.77
c453217f-9f9d-49ce-8b32-14a6b7013691,12,1,21,daee5445-ae51-4bce-89ef-291e7c3b9ae0,98d1a5a7-9d18-4401-bc23-d018dc3e432d,ul. Bukhar zhyrau,ZhK Promenad Ekspo,2854.0,108.0,117.44,55.0,77.0,137.0,181.0,74.13,1.0,1029.0,1.68
c453217f-9f9d-49ce-8b32-14a6b7013691,12,1,22,98d1a5a7-9d18-4401-bc23-d018dc3e432d,e80c5cc3-6d22-4bb2-8697-2c901ad33137,ZhK Promenad Ekspo,ZhK Orynbor Towers,2905.0,75.0,87.21,42.0,55.0,100.0,126.0,62.5,2.0,897.0,1.68
c453217f-9f9d-49ce-8b32-14a6b7013691,12,1,23,e80c5cc3-6d22-4bb2-8697-2c901ad33137,ad14c406-b8c8-49e6-8ed4-426612e851e7,ZhK Orynbor Towers,Astana EKSPO,2906.0,70.0,75.97,49.0,60.0,85.0,110.0,29.52,1.0,447.0,1.57
c453217f-9f9d-49ce-8b32-14a6b7013691,12,1,24,ad14c406-b8c8-49e6-8ed4-426612e851e7,cb455c22-433c-415c-9dc6-4b38f567d97a,Astana EKSPO,ZhK Ekspo Siti,2910.0,85.0,89.34,48.0,60.0,113.0,131.0,39.82,7.0,834.0,1.54
c453217f-9f9d-49ce-8b32-14a6b7013691,12,1,25,cb455c22-433c-415c-9dc6-4b38f567d97a,d14ef85c-0e16-4e07-ba92-b1eef3a17499,ZhK Ekspo Siti,Bol'nitsa Meditsinskogo tsentra UDP RK,2891.0,104.0,100.61,44.0,65.0,128.0,143.0,47.41,3.0,807.0,1.38
c453217f-9f9d-49ce-8b32-14a6b7013691,12,1,26,d14ef85c-0e16-4e07-ba92-b1eef3a17499,83e469fd-55cf-4299-8bb7-1307181ae453,Bol'nitsa Meditsinskogo tsentra UDP RK,E 495,2854.0,58.0,64.58,32.0,39.0,84.0,102.0,35.92,3.0,783.0,1.76
c453217f-9f9d-49ce-8b32-14a6b7013691,12,1,27,83e469fd-55cf-4299-8bb7-1307181ae453,024dc66b-2cc2-4c58-9482-caa7068d6eb2,E 495,Detskii sad Karlygash,2821.0,48.0,56.77,32.0,39.0,64.0,86.0,47.56,3.0,1748.0,1.79
c453217f-9f9d-49ce-8b32-14a6b7013691,12,1,28,024dc66b-2cc2-4c58-9482-caa7068d6eb2,c3484f80-419a-4ea3-9355-c33104abab7e,Detskii sad Karlygash,E 319,2847.0,58.0,64.64,33.0,41.0,79.0,98.0,37.62,1.0,497.0,1.69
c453217f-9f9d-49ce-8b32-14a6b7013691,12,1,29,c3484f80-419a-4ea3-9355-c33104abab7e,4b830103-8b6e-4273-aedc-b4ca2c34dda8,E 319,Kanal Nura-Esil',2864.0,42.0,52.0,28.0,34.0,58.0,79.0,44.98,1.0,1254.0,1.88
c453217f-9f9d-49ce-8b32-14a6b7013691,12,1,30,4b830103-8b6e-4273-aedc-b4ca2c34dda8,b27e4484-f45f-490f-b75f-d3c0c5f01eba,Kanal Nura-Esil',ul. Zhanadariia,2900.0,38.0,45.85,25.0,30.0,54.0,72.0,40.41,2.0,1610.0,1.89
c453217f-9f9d-49ce-8b32-14a6b7013691,12,1,31,b27e4484-f45f-490f-b75f-d3c0c5f01eba,953d5019-5468-4971-8712-6648eda53cfe,ul. Zhanadariia,Detskii sad Balbulak,2904.0,36.0,43.55,23.0,30.0,49.0,74.0,27.61,1.0,438.0,2.06
c453217f-9f9d-49ce-8b32-14a6b7013691,12,1,32,953d5019-5468-4971-8712-6648eda53cfe,0116b4d3-b09f-4091-8e8d-3363907905fa,Detskii sad Balbulak,Sarytogai,2907.0,63.0,68.49,33.0,46.0,80.0,100.0,39.26,1.0,653.0,1.59
c453217f-9f9d-49ce-8b32-14a6b7013691,12,1,33,0116b4d3-b09f-4091-8e8d-3363907905fa,9ee1bf93-fd79-4c3c-a63c-dae21572b98a,Sarytogai,sredniaia shkola No. 24,2907.0,45.0,74.2,31.0,37.0,84.0,180.8,70.89,1.0,1782.0,4.02
c453217f-9f9d-49ce-8b32-14a6b7013691,12,1,34,9ee1bf93-fd79-4c3c-a63c-dae21572b98a,28407e90-671f-482f-95f4-c692dd4d1e90,sredniaia shkola No. 24,Ulitsa Arnasai,2883.0,139.0,152.92,54.0,90.5,214.5,258.8,83.76,1.0,1136.0,1.86
c453217f-9f9d-49ce-8b32-14a6b7013691,12,1,35,28407e90-671f-482f-95f4-c692dd4d1e90,b42cb534-1201-4a4d-9b60-3774280e24fa,Ulitsa Arnasai,Mechet' Al'zhan Ana,2887.0,88.0,91.71,43.0,70.0,102.0,121.0,49.68,1.0,682.0,1.38
c453217f-9f9d-49ce-8b32-14a6b7013691,12,1,36,0116b4d3-b09f-4091-8e8d-3363907905fa,9ee1bf93-fd79-4c3c-a63c-dae21572b98a,Sarytogai,sredniaia shkola No. 24,2887.0,55.0,66.63,33.0,41.0,88.0,105.0,42.36,2.0,782.0,1.91
c453217f-9f9d-49ce-8b32-14a6b7013691,12,1,37,9ee1bf93-fd79-4c3c-a63c-dae21572b98a,28407e90-671f-482f-95f4-c692dd4d1e90,sredniaia shkola No. 24,Ulitsa Arnasai,2816.0,48.0,50.48,30.0,38.0,58.0,71.5,26.44,1.0,525.0,1.49
c453217f-9f9d-49ce-8b32-14a6b7013691,12,1,38,28407e90-671f-482f-95f4-c692dd4d1e90,b42cb534-1201-4a4d-9b60-3774280e24fa,Ulitsa Arnasai,Mechet' Al'zhan Ana,2510.0,53.0,55.99,35.0,44.0,65.0,79.0,24.27,1.0,408.0,1.49
c453217f-9f9d-49ce-8b32-14a6b7013691,12,1,39,9ee1bf93-fd79-4c3c-a63c-dae21572b98a,28407e90-671f-482f-95f4-c692dd4d1e90,sredniaia shkola No. 24,Ulitsa Arnasai,1379.0,52.0,59.65,32.0,41.0,68.0,83.0,50.53,1.0,1160.0,1.6
c453217f-9f9d-49ce-8b32-14a6b7013691,12,1,40,28407e90-671f-482f-95f4-c692dd4d1e90,b42cb534-1201-4a4d-9b60-3774280e24fa,Ulitsa Arnasai,Mechet' Al'zhan Ana,295.0,64.0,147.75,28.4,43.0,267.0,339.6,174.13,1.0,1519.0,5.31
c453217f-9f9d-49ce-8b32-14a6b7013691,12,1,41,28407e90-671f-482f-95f4-c692dd4d1e90,b42cb534-1201-4a4d-9b60-3774280e24fa,Ulitsa Arnasai,Mechet' Al'zhan Ana,134.0,302.5,256.17,34.6,60.0,357.75,402.7,219.46,8.0,1536.0,1.33
c453217f-9f9d-49ce-8b32-14a6b7013691,12,1,42,28407e90-671f-482f-95f4-c692dd4d1e90,b42cb534-1201-4a4d-9b60-3774280e24fa,Ulitsa Arnasai,Mechet' Al'zhan Ana,53.0,157.0,403.15,40.0,66.0,523.0,1167.2,460.1,3.0,1725.0,7.43
c453217f-9f9d-49ce-8b32-14a6b7013691,12,1,43,ccf9d9ab-2a88-4d8f-aa7d-4d3b7eaf7a50,04fd1fc3-b800-465a-be89-5367e0313d21,ZhK Family Park,Karkaralinskoe shosse,37.0,47.0,123.76,27.0,35.0,86.0,120.4,272.05,23.0,1376.0,2.56
c453217f-9f9d-49ce-8b32-14a6b7013691,12,1,44,4aed197d-2627-48aa-9191-4b45ed52ddbb,3abac3ba-87c0-480c-aa39-fc3ec081e9c6,Mikroraion Samal,Zhanibek Tarkhana,31.0,70.0,85.94,35.0,43.5,97.5,135.0,65.44,24.0,374.0,1.93
c453217f-9f9d-49ce-8b32-14a6b7013691,12,1,45,06eee664-f6eb-43f7-ac6a-de0d6e693a27,12cabd75-d75d-4b82-8364-770c7812d47f,Stela Zvezda Astany,Nazarbaev universitet,28.0,65.5,73.61,37.1,50.75,88.0,116.8,33.65,35.0,170.0,1.78
c453217f-9f9d-49ce-8b32-14a6b7013691,12,1,46,12cabd75-d75d-4b82-8364-770c7812d47f,ad8964a3-38aa-4ec7-be27-55d4fa8437de,Nazarbaev universitet,ZhK Ekspo-Plaza,28.0,78.5,78.68,33.5,47.25,100.25,128.0,36.05,23.0,150.0,1.63
c453217f-9f9d-49ce-8b32-14a6b7013691,12,1,47,ad8964a3-38aa-4ec7-be27-55d4fa8437de,25160f65-5b76-42df-8126-ba7e0dca32d0,ZhK Ekspo-Plaza,Stadion Astana-Arena,25.0,57.0,72.04,24.2,35.0,75.0,134.6,62.72,14.0,313.0,2.36
c453217f-9f9d-49ce-8b32-14a6b7013691,12,1,48,25160f65-5b76-42df-8126-ba7e0dca32d0,c885bb33-9730-4071-9429-8ad8e56f4a7e,Stadion Astana-Arena,Dvorets edinoborstv im. Zhaksylyka Ushkempirova,19.0,101.0,116.42,36.8,49.0,125.0,168.6,123.52,8.0,581.0,1.67
c453217f-9f9d-49ce-8b32-14a6b7013691,12,1,49,c885bb33-9730-4071-9429-8ad8e56f4a7e,edca5c3c-a4bf-4aad-b25a-fa60e056cb86,Dvorets edinoborstv im. Zhaksylyka Ushkempirova,Biznes tsentr Asyl-Tau,18.0,91.5,101.56,34.9,67.25,131.25,176.9,55.97,15.0,216.0,1.93
c453217f-9f9d-49ce-8b32-14a6b7013691,12,1,50,edca5c3c-a4bf-4aad-b25a-fa60e056cb86,bf58aae9-f17c-4eb5-b280-bd59ef34e7d4,Biznes tsentr Asyl-Tau,Tsentr neirokhirurgii,14.0,49.0,62.36,12.5,30.75,75.75,120.5,49.33,7.0,186.0,2.46
c453217f-9f9d-49ce-8b32-14a6b7013691,12,1,51,bf58aae9-f17c-4eb5-b280-bd59ef34e7d4,870084cf-ed0b-4bbd-bea0-368b5bce2425,Tsentr neirokhirurgii,Kardiokhirurgicheskaia klinika,10.0,78.0,73.6,35.7,46.75,88.5,96.4,31.5,33.0,136.0,1.24
c453217f-9f9d-49ce-8b32-14a6b7013691,12,1,52,870084cf-ed0b-4bbd-bea0-368b5bce2425,8f799508-4fac-4e5a-8fda-b24e19000780,Kardiokhirurgicheskaia klinika,AO Kazmunaigaz,10.0,54.5,67.6,37.8,38.5,92.5,106.5,33.48,36.0,129.0,1.95
c453217f-9f9d-49ce-8b32-14a6b7013691,12,1,53,cac60a34-335b-43a0-aeb1-8d57a154facc,8f799508-4fac-4e5a-8fda-b24e19000780,Kardiokhirurgicheskaia klinika,AO Kazmunaigaz,8.0,46.5,46.88,7.7,29.0,64.25,85.1,30.69,7.0,90.0,1.83
c453217f-9f9d-49ce-8b32-14a6b7013691,12,1,54,bf58aae9-f17c-4eb5-b280-bd59ef34e7d4,870084cf-ed0b-4bbd-bea0-368b5bce2425,Tsentr neirokhirurgii,Kardiokhirurgicheskaia klinika,4.0,69.5,59.25,26.6,45.5,83.25,83.7,32.84,14.0,84.0,1.2
c453217f-9f9d-49ce-8b32-14a6b7013691,12,1,55,870084cf-ed0b-4bbd-bea0-368b5bce2425,8f799508-4fac-4e5a-8fda-b24e19000780,Kardiokhirurgicheskaia klinika,AO Kazmunaigaz,3.0,51.0,39.67,15.8,29.0,56.0,59.0,28.73,7.0,61.0,1.16
c453217f-9f9d-49ce-8b32-14a6b7013691,12,2,2,eb69b78a-a836-40b3-8ca7-a7b8aaed7ec6,19d56c0b-6421-4f46-8ec3-2781ee8b93ec,Mechet' Al'zhan Ana,Ulitsa Arnasai,2186.0,238.0,238.74,178.0,211.0,270.0,307.0,84.62,1.0,1531.0,1.29
c453217f-9f9d-49ce-8b32-14a6b7013691,12,2,3,19d56c0b-6421-4f46-8ec3-2781ee8b93ec,83a76452-75bb-411e-851e-9e07da361031,Ulitsa Arnasai,sredniaia shkola No. 24,2181.0,48.0,54.34,32.0,41.0,55.0,67.0,44.78,2.0,833.0,1.4
c453217f-9f9d-49ce-8b32-14a6b7013691,12,2,4,83a76452-75bb-411e-851e-9e07da361031,a4e48b15-9424-41b4-92a1-8331bbdd6863,sredniaia shkola No. 24,Detskii sad Balbulak,2126.0,64.0,67.9,45.0,53.0,79.0,92.0,25.92,2.0,325.0,1.44
c453217f-9f9d-49ce-8b32-14a6b7013691,12,2,5,a4e48b15-9424-41b4-92a1-8331bbdd6863,28764497-a568-434f-83dd-932a3c91e199,Detskii sad Balbulak,Sarytogai,2133.0,129.0,126.35,78.2,110.0,145.0,159.0,47.35,5.0,1239.0,1.23
c453217f-9f9d-49ce-8b32-14a6b7013691,12,2,6,28764497-a568-434f-83dd-932a3c91e199,88b7ca3b-3501-4efe-b33f-701453ffa277,Sarytogai,ul. Zhanadariia,2133.0,47.0,52.17,34.0,40.0,55.0,67.0,41.16,1.0,873.0,1.43
c453217f-9f9d-49ce-8b32-14a6b7013691,12,2,7,88b7ca3b-3501-4efe-b33f-701453ffa277,54623320-dd0b-452c-9ee8-9cf89671b8b0,ul. Zhanadariia,ZhK Aq-Jol,2136.0,30.0,36.0,18.0,24.0,38.0,50.0,57.1,5.0,1651.0,1.67
c453217f-9f9d-49ce-8b32-14a6b7013691,12,2,8,54623320-dd0b-452c-9ee8-9cf89671b8b0,a6d09382-75f3-4706-85e8-2a5b775af30c,ZhK Aq-Jol,Sadovodcheskoe obshchestvo Aviator,2146.0,74.0,79.49,46.0,57.0,93.0,109.0,59.24,10.0,1595.0,1.47
c453217f-9f9d-49ce-8b32-14a6b7013691,12,2,9,a6d09382-75f3-4706-85e8-2a5b775af30c,ea8a20e2-6aea-407c-b42b-f9c55439718b,Sadovodcheskoe obshchestvo Aviator,Kanal Nura-Esil',2158.0,59.0,65.97,46.0,53.0,66.0,84.0,62.89,2.0,1758.0,1.42
c453217f-9f9d-49ce-8b32-14a6b7013691,12,2,10,ea8a20e2-6aea-407c-b42b-f9c55439718b,fc4e269d-3cc0-46fd-87b7-4ae1ac9e2361,Kanal Nura-Esil',E 319,2165.0,96.0,102.62,62.0,78.0,113.0,135.0,68.12,6.0,1659.0,1.41
c453217f-9f9d-49ce-8b32-14a6b7013691,12,2,11,fc4e269d-3cc0-46fd-87b7-4ae1ac9e2361,a78b2c1d-ec83-4c0d-90b1-97d4136ebaae,E 319,Detskii sad Karlygash-2,2187.0,54.0,63.61,40.0,48.0,64.0,80.0,78.89,1.0,1581.0,1.48
c453217f-9f9d-49ce-8b32-14a6b7013691,12,2,12,a78b2c1d-ec83-4c0d-90b1-97d4136ebaae,ddc8cb38-d19d-43a5-8f21-eb761485ed15,Detskii sad Karlygash-2,Bol'nitsa Meditsinskogo tsentra UDP RK,2198.0,50.0,57.81,34.0,41.0,63.0,80.0,70.96,1.0,1755.0,1.6
c453217f-9f9d-49ce-8b32-14a6b7013691,12,2,13,ddc8cb38-d19d-43a5-8f21-eb761485ed15,ef859046-109a-4362-9339-ca295f511796,Bol'nitsa Meditsinskogo tsentra UDP RK,ZhK Ekspo Siti,2209.0,42.0,52.11,31.0,37.0,54.0,75.0,61.98,1.0,1669.0,1.79
c453217f-9f9d-49ce-8b32-14a6b7013691,12,2,14,ef859046-109a-4362-9339-ca295f511796,9f845f42-9eac-4e28-8502-fc9922b6c923,ZhK Ekspo Siti,Astana EKSPO,2211.0,87.0,91.81,46.0,61.0,113.0,136.0,49.99,11.0,1331.0,1.56
c453217f-9f9d-49ce-8b32-14a6b7013691,12,2,15,9f845f42-9eac-4e28-8502-fc9922b6c923,1d53ab9f-c7f4-4aa4-b0f0-633962560cfa,Astana EKSPO,ZhK Orynbor Towers,2215.0,76.0,79.5,38.0,52.0,95.0,109.0,65.42,7.0,1783.0,1.43
c453217f-9f9d-49ce-8b32-14a6b7013691,12,2,16,1d53ab9f-c7f4-4aa4-b0f0-633962560cfa,4ef6c8ac-8173-4c76-b194-918e3c3d876f,ZhK Orynbor Towers,ZhK Promenad Ekspo,2227.0,69.0,71.82,30.0,41.0,88.0,102.0,54.13,3.0,1375.0,1.48
c453217f-9f9d-49ce-8b32-14a6b7013691,12,2,17,4ef6c8ac-8173-4c76-b194-918e3c3d876f,93f2e175-bd6e-43d4-8498-a0b68fa24560,ZhK Promenad Ekspo,UDP,2228.0,92.0,94.33,47.0,62.0,120.0,137.0,51.37,2.0,1441.0,1.49
c453217f-9f9d-49ce-8b32-14a6b7013691,12,2,18,93f2e175-bd6e-43d4-8498-a0b68fa24560,4efbf1dc-b4dc-46a4-9f0b-70f8d73ff6b2,UDP,Bukhar zhyrau,2225.0,75.0,83.36,37.0,50.0,108.0,128.0,49.72,2.0,926.0,1.71
c453217f-9f9d-49ce-8b32-14a6b7013691,12,2,19,4efbf1dc-b4dc-46a4-9f0b-70f8d73ff6b2,9230cadb-e2b9-4939-8b6f-8be6d9da92c8,Bukhar zhyrau,Triumfal'naia arka Mangilik El,2225.0,51.0,67.41,33.0,40.0,92.0,108.0,43.52,3.0,606.0,2.12
c453217f-9f9d-49ce-8b32-14a6b7013691,12,2,20,9230cadb-e2b9-4939-8b6f-8be6d9da92c8,1552b0e1-bb57-49dc-b4cb-557a39df06b4,Triumfal'naia arka Mangilik El,K'arlyg'ash balabak'shasy,2222.0,40.0,49.82,28.0,34.0,49.0,77.0,41.24,1.0,738.0,1.92
c453217f-9f9d-49ce-8b32-14a6b7013691,12,2,21,1552b0e1-bb57-49dc-b4cb-557a39df06b4,f5fa8abd-4d11-4331-9424-0c9638a34de4,K'arlyg'ash balabak'shasy,ZhK Akzhaik,2227.0,72.0,86.25,38.0,50.0,105.0,143.4,65.87,1.0,1278.0,1.99
c453217f-9f9d-49ce-8b32-14a6b7013691,12,2,22,f5fa8abd-4d11-4331-9424-0c9638a34de4,f3a7aefe-7c9f-4391-8091-7df545584ac0,ZhK Akzhaik,Finansovyi tsentr,2226.0,109.0,122.11,48.0,71.0,147.0,185.0,99.08,2.0,1647.0,1.7
c453217f-9f9d-49ce-8b32-14a6b7013691,12,2,23,f3a7aefe-7c9f-4391-8091-7df545584ac0,ffe7ac12-5298-4f2b-83e5-894509a544ed,Finansovyi tsentr,K'azak'kontsert im. Rozy Baglanovoi,2212.0,69.0,94.35,36.0,47.0,91.0,132.0,124.35,2.0,1612.0,1.91
c453217f-9f9d-49ce-8b32-14a6b7013691,12,2,24,ffe7ac12-5298-4f2b-83e5-894509a544ed,2ca9397c-8bbe-40c0-9a6d-545216696cfe,K'azak'kontsert im. Rozy Baglanovoi,Dom ministerstv,2222.0,119.0,140.11,68.0,89.0,159.0,243.9,88.66,4.0,1368.0,2.05
c453217f-9f9d-49ce-8b32-14a6b7013691,12,2,25,2ca9397c-8bbe-40c0-9a6d-545216696cfe,542282bd-62d3-4c68-8246-e81186171837,Dom ministerstv,Kazakhstan temir zholy,2224.0,113.0,126.75,55.0,82.75,152.0,207.7,75.64,1.0,1006.0,1.84
c453217f-9f9d-49ce-8b32-14a6b7013691,12,2,26,542282bd-62d3-4c68-8246-e81186171837,06232fac-a185-48c0-8ac7-70a493306087,Kazakhstan temir zholy,Kazakhstan temir zholy,2225.0,121.0,128.87,48.4,90.0,152.0,193.6,81.31,1.0,923.0,1.6
c453217f-9f9d-49ce-8b32-14a6b7013691,12,2,27,06232fac-a185-48c0-8ac7-70a493306087,68738775-8984-47fb-a284-7b3a3e2a54cf,Kazakhstan temir zholy,Ulitsa  Dinmukhameda Kunaeva,2219.0,14.0,37.45,7.0,10.0,36.0,82.2,70.81,1.0,1171.0,5.87
c453217f-9f9d-49ce-8b32-14a6b7013691,12,2,28,68738775-8984-47fb-a284-7b3a3e2a54cf,e9dc4756-2990-4fa3-a0b8-a04d6312f913,Ulitsa  Dinmukhameda Kunaeva,Ulitsa  Dinmukhameda Kunaeva,2220.0,47.0,68.35,15.0,34.0,68.0,140.1,75.08,1.0,903.0,2.98
c453217f-9f9d-49ce-8b32-14a6b7013691,12,2,29,e9dc4756-2990-4fa3-a0b8-a04d6312f913,1100a1f5-0017-4d32-a284-74289da87c19,Ulitsa  Dinmukhameda Kunaeva,Teatr Astana Opera,2211.0,11.0,41.44,5.0,7.0,43.0,135.0,64.43,1.0,517.0,12.27
c453217f-9f9d-49ce-8b32-14a6b7013691,12,2,30,1100a1f5-0017-4d32-a284-74289da87c19,b199b336-fc58-47ca-bf2e-34f180c3c111,Teatr Astana Opera,TRTs Saryarka,2226.0,161.0,163.0,46.0,101.25,210.0,266.0,90.78,1.0,995.0,1.65
c453217f-9f9d-49ce-8b32-14a6b7013691,12,2,31,b199b336-fc58-47ca-bf2e-34f180c3c111,666cc2b2-73dc-4d32-afd1-1ce0b6280dd8,TRTs Saryarka,TRTs KeruenCity,2224.0,63.5,72.72,34.0,45.0,93.0,119.0,40.56,1.0,412.0,1.87
c453217f-9f9d-49ce-8b32-14a6b7013691,12,2,32,666cc2b2-73dc-4d32-afd1-1ce0b6280dd8,da885f37-5bc2-43d5-b95c-ef82447df886,TRTs KeruenCity,Korgalzhinskaia trassa,2225.0,58.0,70.23,37.0,45.0,83.0,119.0,42.29,1.0,728.0,2.05
c453217f-9f9d-49ce-8b32-14a6b7013691,12,2,33,da885f37-5bc2-43d5-b95c-ef82447df886,3f01777a-d987-4808-83e3-80e0193ebb62,Korgalzhinskaia trassa,Park Astana,2228.0,75.0,85.02,38.0,49.0,113.25,145.0,46.06,7.0,519.0,1.93
c453217f-9f9d-49ce-8b32-14a6b7013691,12,2,34,3f01777a-d987-4808-83e3-80e0193ebb62,edf55deb-81ff-41ae-bec5-a5a7b2cf5230,Park Astana,Ulitsa Kenesary,2224.0,51.0,62.17,36.0,43.0,72.0,101.0,35.57,1.0,419.0,1.98
c453217f-9f9d-49ce-8b32-14a6b7013691,12,2,35,edf55deb-81ff-41ae-bec5-a5a7b2cf5230,6aba57b3-2ccf-46aa-a877-7302fe66740e,Ulitsa Kenesary,Shkola Zerde,2228.0,93.0,92.94,46.0,75.0,112.0,129.0,35.66,2.0,429.0,1.39
c453217f-9f9d-49ce-8b32-14a6b7013691,12,2,36,6aba57b3-2ccf-46aa-a877-7302fe66740e,4cc233c3-db14-4e65-b96b-91271c045f99,Shkola Zerde,Sportivnyi kompleks ABYROY,2206.0,63.5,67.06,29.0,38.0,91.0,113.0,33.52,3.0,254.0,1.78
c453217f-9f9d-49ce-8b32-14a6b7013691,12,2,37,4cc233c3-db14-4e65-b96b-91271c045f99,ce8054ef-6b41-439f-b763-a770a69cf95d,Sportivnyi kompleks ABYROY,Prospekt Saryarka,2175.0,71.0,78.18,39.0,49.0,105.0,126.0,35.18,7.0,311.0,1.77
c453217f-9f9d-49ce-8b32-14a6b7013691,12,2,38,ce8054ef-6b41-439f-b763-a770a69cf95d,3d570ad2-db12-47d1-b15e-a33dfa403c56,Prospekt Saryarka,TD Koktem,2155.0,53.0,57.28,30.0,39.0,73.0,86.0,25.41,3.0,285.0,1.62
c453217f-9f9d-49ce-8b32-14a6b7013691,12,2,39,3d570ad2-db12-47d1-b15e-a33dfa403c56,9c39bef4-78ba-41cc-af86-4e9cec3e06dd,TD Koktem,Shkola-litsei No. 15,2070.0,35.0,52.89,22.0,28.0,47.0,123.0,55.02,1.0,877.0,3.51
c453217f-9f9d-49ce-8b32-14a6b7013691,12,2,40,9c39bef4-78ba-41cc-af86-4e9cec3e06dd,15829acf-630a-4f13-9472-b6f8a679e0a8,Shkola-litsei No. 15,Ulitsa Moskovskaia,2052.0,139.0,144.2,41.0,89.75,190.0,245.9,77.42,6.0,698.0,1.77
c453217f-9f9d-49ce-8b32-14a6b7013691,12,2,41,15829acf-630a-4f13-9472-b6f8a679e0a8,df129513-5202-4119-963f-1090546d183d,Ulitsa Moskovskaia,Ulitsa A. Moldagulovoi,2039.0,39.0,45.44,21.0,27.0,57.0,71.0,31.89,1.0,602.0,1.82
c453217f-9f9d-49ce-8b32-14a6b7013691,12,2,42,df129513-5202-4119-963f-1090546d183d,0dfeaf23-1068-4a93-9666-5cc804d389a1,Ulitsa A. Moldagulovoi,Teatr Zhastar,2034.0,60.0,64.51,31.0,40.0,80.75,101.0,37.21,5.0,815.0,1.68
c453217f-9f9d-49ce-8b32-14a6b7013691,12,2,43,0dfeaf23-1068-4a93-9666-5cc804d389a1,e6719284-431b-4c10-bb30-4f2e99de2f98,Teatr Zhastar,TD Daulet,1998.0,47.0,50.81,29.0,35.0,64.0,76.0,22.99,9.0,314.0,1.62
c453217f-9f9d-49ce-8b32-14a6b7013691,12,2,44,e6719284-431b-4c10-bb30-4f2e99de2f98,623fcc14-2417-4d31-84b9-ec08483a12ea,TD Daulet,TD Daulet,1740.0,61.0,60.82,32.0,39.0,80.0,92.0,24.52,6.0,230.0,1.51
c453217f-9f9d-49ce-8b32-14a6b7013691,12,2,45,0dfeaf23-1068-4a93-9666-5cc804d389a1,623fcc14-2417-4d31-84b9-ec08483a12ea,Teatr Zhastar,TD Daulet,111.0,58.0,58.89,34.0,40.5,72.5,92.0,23.97,4.0,123.0,1.59
c453217f-9f9d-49ce-8b32-14a6b7013691,12,2,46,623fcc14-2417-4d31-84b9-ec08483a12ea,e6719284-431b-4c10-bb30-4f2e99de2f98,TD Daulet,TD Daulet,68.0,64.0,65.15,35.4,43.75,81.5,96.0,27.08,17.0,163.0,1.5
c453217f-9f9d-49ce-8b32-14a6b7013691,12,2,47,e6719284-431b-4c10-bb30-4f2e99de2f98,623fcc14-2417-4d31-84b9-ec08483a12ea,TD Daulet,TD Daulet,20.0,75.0,72.4,33.6,45.0,90.25,100.2,34.22,26.0,158.0,1.34
c453217f-9f9d-49ce-8b32-14a6b7013691,12,2,48,0dfeaf23-1068-4a93-9666-5cc804d389a1,e6719284-431b-4c10-bb30-4f2e99de2f98,Teatr Zhastar,TD Daulet,11.0,52.0,59.91,30.0,39.0,74.5,90.0,28.37,29.0,121.0,1.73
c453217f-9f9d-49ce-8b32-14a6b7013691,12,2,49,e6719284-431b-4c10-bb30-4f2e99de2f98,623fcc14-2417-4d31-84b9-ec08483a12ea,TD Daulet,TD Daulet,11.0,41.0,64.36,32.0,36.5,82.5,88.0,45.21,24.0,182.0,2.15
c453217f-9f9d-49ce-8b32-14a6b7013691,12,2,50,623fcc14-2417-4d31-84b9-ec08483a12ea,e6719284-431b-4c10-bb30-4f2e99de2f98,TD Daulet,TD Daulet,9.0,69.0,91.67,54.0,67.0,115.0,136.2,48.69,54.0,205.0,1.97
c453217f-9f9d-49ce-8b32-14a6b7013691,12,2,51,3d570ad2-db12-47d1-b15e-a33dfa403c56,9c39bef4-78ba-41cc-af86-4e9cec3e06dd,TD Koktem,Shkola-litsei No. 15,7.0,44.0,45.43,26.4,37.0,54.0,66.8,20.97,12.0,80.0,1.52
c453217f-9f9d-49ce-8b32-14a6b7013691,12,2,52,9c39bef4-78ba-41cc-af86-4e9cec3e06dd,15829acf-630a-4f13-9472-b6f8a679e0a8,Shkola-litsei No. 15,Ulitsa Moskovskaia,6.0,100.0,90.5,55.5,67.75,111.25,116.0,28.18,53.0,118.0,1.16
c453217f-9f9d-49ce-8b32-14a6b7013691,12,2,53,15829acf-630a-4f13-9472-b6f8a679e0a8,df129513-5202-4119-963f-1090546d183d,Ulitsa Moskovskaia,Ulitsa A. Moldagulovoi,6.0,64.0,60.83,35.5,45.75,75.5,83.0,21.73,31.0,87.0,1.3
c453217f-9f9d-49ce-8b32-14a6b7013691,12,2,54,df129513-5202-4119-963f-1090546d183d,0dfeaf23-1068-4a93-9666-5cc804d389a1,Ulitsa A. Moldagulovoi,Teatr Zhastar,5.0,74.0,71.0,44.2,49.0,85.0,97.6,26.52,41.0,106.0,1.32
c453217f-9f9d-49ce-8b32-14a6b7013691,12,2,55,0dfeaf23-1068-4a93-9666-5cc804d389a1,623fcc14-2417-4d31-84b9-ec08483a12ea,Teatr Zhastar,TD Daulet,2.0,76.5,76.5,75.3,75.75,77.25,77.7,2.12,75.0,78.0,1.02
c453217f-9f9d-49ce-8b32-14a6b7013691,12,2,56,623fcc14-2417-4d31-84b9-ec08483a12ea,e6719284-431b-4c10-bb30-4f2e99de2f98,TD Daulet,TD Daulet,2.0,44.0,44.0,40.0,41.5,46.5,48.0,7.07,39.0,49.0,1.09
a3d30efc-b517-4ed6-b6a7-f5a87a3d5fa0,46,1,2,fe9d6168-9e62-41bb-be9e-15853bdcfdfd,2dd9aae5-9429-4599-9e2b-19909c7551da,Mu'sa dukeni,Tarbagatai,3833.0,93.0,98.82,66.0,80.0,107.0,123.0,54.73,3.0,1042.0,1.32
a3d30efc-b517-4ed6-b6a7-f5a87a3d5fa0,46,1,3,2dd9aae5-9429-4599-9e2b-19909c7551da,80f1899c-9a53-40c5-8e75-a2f6c1d74d82,Tarbagatai,Aktobe,3714.0,34.0,38.18,23.0,29.0,40.0,49.0,31.45,1.0,816.0,1.44
a3d30efc-b517-4ed6-b6a7-f5a87a3d5fa0,46,1,4,80f1899c-9a53-40c5-8e75-a2f6c1d74d82,fe63a582-29bc-419b-8a03-5c1757b45e87,Aktobe,Ulytau,3598.0,33.0,38.63,21.0,27.0,39.0,46.0,68.11,1.0,1756.0,1.39
a3d30efc-b517-4ed6-b6a7-f5a87a3d5fa0,46,1,5,fe63a582-29bc-419b-8a03-5c1757b45e87,c901486e-6e2a-4bc5-a56b-ebe54673e704,Ulytau,Keleshek,3656.0,51.0,75.26,33.0,40.0,65.0,79.0,160.0,1.0,1780.0,1.55
a3d30efc-b517-4ed6-b6a7-f5a87a3d5fa0,46,1,6,c901486e-6e2a-4bc5-a56b-ebe54673e704,2bbe99d3-1cdd-4707-af05-4d07edcfb875,Keleshek,Zhanakonys,3806.0,150.0,172.84,92.0,121.0,175.0,210.0,182.56,3.0,1791.0,1.4
a3d30efc-b517-4ed6-b6a7-f5a87a3d5fa0,46,1,7,2bbe99d3-1cdd-4707-af05-4d07edcfb875,88c76eb3-8629-453b-968f-d1aeaf15937f,Zhanakonys,per. Taitobe,3894.0,34.0,50.12,22.0,28.0,46.0,60.0,115.97,1.0,1743.0,1.76
a3d30efc-b517-4ed6-b6a7-f5a87a3d5fa0,46,1,8,88c76eb3-8629-453b-968f-d1aeaf15937f,519996b9-34d3-4260-942e-88b48ca22623,per. Taitobe,Ardagerler,3927.0,44.0,68.47,26.0,34.0,62.0,159.0,78.34,1.0,1547.0,3.61
a3d30efc-b517-4ed6-b6a7-f5a87a3d5fa0,46,1,9,519996b9-34d3-4260-942e-88b48ca22623,2b2b7d9a-6879-45ea-9763-1fe18e018f2f,Ardagerler,Titova,3942.0,93.0,99.52,47.0,64.0,123.0,149.0,64.31,3.0,1752.0,1.6
a3d30efc-b517-4ed6-b6a7-f5a87a3d5fa0,46,1,10,2b2b7d9a-6879-45ea-9763-1fe18e018f2f,64d084ee-3c50-4f86-a73b-39e127d3446f,Titova,Shugyla,3942.0,53.0,53.6,25.0,37.0,61.0,71.0,38.85,1.0,1492.0,1.34
a3d30efc-b517-4ed6-b6a7-f5a87a3d5fa0,46,1,11,64d084ee-3c50-4f86-a73b-39e127d3446f,69d3a2a0-c1c5-4c40-9930-6f7f2fa2ae2a,Shugyla,Kafe Sulukol',3926.0,27.0,32.59,17.0,22.0,34.0,47.0,25.15,1.0,299.0,1.74
a3d30efc-b517-4ed6-b6a7-f5a87a3d5fa0,46,1,12,69d3a2a0-c1c5-4c40-9930-6f7f2fa2ae2a,18e751ea-9e23-49dd-9275-4559c1ed40b0,Kafe Sulukol',Shugyla,3936.0,31.0,38.42,20.0,25.0,41.0,63.5,27.71,1.0,442.0,2.05
a3d30efc-b517-4ed6-b6a7-f5a87a3d5fa0,46,1,13,18e751ea-9e23-49dd-9275-4559c1ed40b0,77be7d79-bc6c-4c3d-a629-42529171f5da,Shugyla,Kladbishche,3940.0,36.0,42.71,19.0,26.0,55.0,71.0,27.22,1.0,387.0,1.97
a3d30efc-b517-4ed6-b6a7-f5a87a3d5fa0,46,1,14,77be7d79-bc6c-4c3d-a629-42529171f5da,439de39e-eed6-49be-9fc7-e232cc3c3f84,Kladbishche,Medeu,3942.0,30.0,35.5,20.0,26.0,38.0,54.0,24.76,1.0,424.0,1.8
a3d30efc-b517-4ed6-b6a7-f5a87a3d5fa0,46,1,15,439de39e-eed6-49be-9fc7-e232cc3c3f84,cb356626-5f8b-4acd-82b4-d01a06d43b3f,Medeu,K'artaly,3942.0,42.0,49.84,25.0,33.0,60.0,77.0,38.1,1.0,920.0,1.83
a3d30efc-b517-4ed6-b6a7-f5a87a3d5fa0,46,1,16,cb356626-5f8b-4acd-82b4-d01a06d43b3f,49f207a4-a4d2-44ee-983a-8f330bf0375c,K'artaly,Akan Sery,3941.0,58.0,71.42,29.0,37.0,85.0,126.0,57.58,2.0,1239.0,2.17
a3d30efc-b517-4ed6-b6a7-f5a87a3d5fa0,46,1,17,49f207a4-a4d2-44ee-983a-8f330bf0375c,20608557-4a9c-433d-89cb-c0dd527618d3,Akan Sery,Sredniaia shkola No. 18,3946.0,116.0,140.82,39.5,69.0,175.0,302.0,99.5,3.0,968.0,2.6
a3d30efc-b517-4ed6-b6a7-f5a87a3d5fa0,46,1,18,20608557-4a9c-433d-89cb-c0dd527618d3,50768bd6-38ce-4f3d-943d-a11b456905d2,Sredniaia shkola No. 18,Prospekt Saryarka,3943.0,253.0,220.77,57.2,100.0,324.0,369.0,126.11,1.0,883.0,1.46
a3d30efc-b517-4ed6-b6a7-f5a87a3d5fa0,46,1,19,50768bd6-38ce-4f3d-943d-a11b456905d2,d46249b9-2884-4b23-be59-9e5f54f49c89,Prospekt Saryarka,Sportivnyi kompleks ABYROY,3945.0,114.0,135.99,65.4,89.0,150.0,235.0,90.11,2.0,1674.0,2.06
a3d30efc-b517-4ed6-b6a7-f5a87a3d5fa0,46,1,20,d46249b9-2884-4b23-be59-9e5f54f49c89,b2feffc5-c000-486c-9e55-99734f884cb0,Sportivnyi kompleks ABYROY,Shkola Zerde,3942.0,100.0,114.22,41.0,70.0,129.0,162.0,89.04,6.0,883.0,1.62
a3d30efc-b517-4ed6-b6a7-f5a87a3d5fa0,46,1,21,b2feffc5-c000-486c-9e55-99734f884cb0,fe69c59f-7223-46c9-baf4-bc76f8e829ab,Shkola Zerde,Ulitsa Kenesary,3936.0,58.0,75.92,30.0,37.0,96.0,126.0,70.43,2.0,770.0,2.17
a3d30efc-b517-4ed6-b6a7-f5a87a3d5fa0,46,1,22,fe69c59f-7223-46c9-baf4-bc76f8e829ab,35914827-e837-47c4-93ce-d92d1d09d291,Ulitsa Kenesary,Park Astana,3929.0,77.0,80.05,30.0,39.0,107.0,129.0,54.82,2.0,901.0,1.68
a3d30efc-b517-4ed6-b6a7-f5a87a3d5fa0,46,1,23,35914827-e837-47c4-93ce-d92d1d09d291,21a7b5b4-3e01-4457-91da-b8cc6ac14bbd,Park Astana,TRTs KeruenCity,3930.0,102.0,106.67,40.0,79.0,127.0,157.0,59.64,1.0,1013.0,1.54
a3d30efc-b517-4ed6-b6a7-f5a87a3d5fa0,46,1,24,21a7b5b4-3e01-4457-91da-b8cc6ac14bbd,01a3134a-4649-496d-b4fa-aea764a50a8b,TRTs KeruenCity,TRTs Saryarka,3937.0,111.0,116.0,42.0,77.0,149.0,182.0,60.52,1.0,693.0,1.64
a3d30efc-b517-4ed6-b6a7-f5a87a3d5fa0,46,1,25,01a3134a-4649-496d-b4fa-aea764a50a8b,d124d339-88ed-42e4-8593-838cbad37811,TRTs Saryarka,Teatr Astana Opera,3929.0,62.0,80.34,35.0,43.0,103.0,150.0,59.05,1.0,973.0,2.42
a3d30efc-b517-4ed6-b6a7-f5a87a3d5fa0,46,1,26,d124d339-88ed-42e4-8593-838cbad37811,a10b4fa3-0b47-4297-b29b-4d16b670ca00,Teatr Astana Opera,TRTs Khan Shatyr,3909.0,69.0,79.68,25.0,41.0,105.0,138.2,57.09,1.0,863.0,2.0
a3d30efc-b517-4ed6-b6a7-f5a87a3d5fa0,46,1,27,a10b4fa3-0b47-4297-b29b-4d16b670ca00,33611474-3457-4f2a-919d-82064f2d8e54,TRTs Khan Shatyr,Respublikanskii diagnosticheskii tsentr,3924.0,54.0,73.39,16.0,25.0,95.0,157.7,74.07,1.0,1020.0,2.92
a3d30efc-b517-4ed6-b6a7-f5a87a3d5fa0,46,1,28,33611474-3457-4f2a-919d-82064f2d8e54,870084cf-ed0b-4bbd-bea0-368b5bce2425,Respublikanskii diagnosticheskii tsentr,Kardiokhirurgicheskaia klinika,3936.0,126.0,143.37,28.0,75.0,180.0,248.0,115.9,1.0,1290.0,1.97
a3d30efc-b517-4ed6-b6a7-f5a87a3d5fa0,46,1,29,870084cf-ed0b-4bbd-bea0-368b5bce2425,cac60a34-335b-43a0-aeb1-8d57a154facc,Kardiokhirurgicheskaia klinika,Kardiokhirurgicheskaia klinika,3930.0,132.0,157.52,35.0,83.0,191.0,292.1,129.1,1.0,1399.0,2.21
a3d30efc-b517-4ed6-b6a7-f5a87a3d5fa0,46,1,30,cac60a34-335b-43a0-aeb1-8d57a154facc,2dc158f2-0a35-4643-9ac2-4cc3fa09036a,Kardiokhirurgicheskaia klinika,Mechet' Abu Nasyr al-Farabi,3925.0,76.0,95.21,10.0,44.0,120.0,183.6,96.93,1.0,1259.0,2.42
a3d30efc-b517-4ed6-b6a7-f5a87a3d5fa0,46,1,31,2dc158f2-0a35-4643-9ac2-4cc3fa09036a,a7c336fd-6ada-4818-a1c2-ae38f89d9d64,Mechet' Abu Nasyr al-Farabi,TRTs Keruen,3941.0,70.0,94.61,27.0,47.0,104.0,194.0,91.17,1.0,1301.0,2.77
a3d30efc-b517-4ed6-b6a7-f5a87a3d5fa0,46,1,32,a7c336fd-6ada-4818-a1c2-ae38f89d9d64,379d5591-eb02-45b1-b0b7-8407edfe55b4,TRTs Keruen,monument Baiterek,3942.0,95.0,141.27,26.0,52.0,201.0,274.9,132.29,1.0,1606.0,2.89
a3d30efc-b517-4ed6-b6a7-f5a87a3d5fa0,46,1,33,379d5591-eb02-45b1-b0b7-8407edfe55b4,0c611096-98ec-4284-85e1-68523f4436d3,monument Baiterek,Dom ministerstv,3937.0,58.0,111.9,17.0,24.0,177.0,252.0,128.84,1.0,1301.0,4.34
a3d30efc-b517-4ed6-b6a7-f5a87a3d5fa0,46,1,34,0c611096-98ec-4284-85e1-68523f4436d3,ec4e66cb-d30e-4e6a-9539-3051048f84da,Dom ministerstv,Dom Ministerstv,3935.0,38.0,85.29,16.0,21.0,125.0,210.0,106.41,1.0,1561.0,5.53
a3d30efc-b517-4ed6-b6a7-f5a87a3d5fa0,46,1,35,ec4e66cb-d30e-4e6a-9539-3051048f84da,13c38731-1a07-40f0-a7ad-01c8539e2870,Dom Ministerstv,Finansovyi tsentr,3916.0,105.0,117.08,17.0,29.0,175.0,234.5,99.78,1.0,1033.0,2.23
a3d30efc-b517-4ed6-b6a7-f5a87a3d5fa0,46,1,36,13c38731-1a07-40f0-a7ad-01c8539e2870,9e25e9c9-dd52-4436-ac0d-af6804369476,Finansovyi tsentr,ZhK Akzhaik,3888.0,112.0,124.88,33.7,67.0,160.0,212.0,97.42,1.0,1788.0,1.89
a3d30efc-b517-4ed6-b6a7-f5a87a3d5fa0,46,1,37,9e25e9c9-dd52-4436-ac0d-af6804369476,6cb18f4c-19a8-4fce-9bd3-f4b918a13d8a,ZhK Akzhaik,K'arlyg'ash balabak'shasy,3852.0,89.5,99.72,41.0,59.0,124.0,169.0,62.25,1.0,1056.0,1.89
a3d30efc-b517-4ed6-b6a7-f5a87a3d5fa0,46,1,38,6cb18f4c-19a8-4fce-9bd3-f4b918a13d8a,e9a3808a-45e7-4f39-9379-763d701979e7,K'arlyg'ash balabak'shasy,Triumfal'naia arka Mangilik El,3774.0,72.0,82.82,44.0,57.0,101.0,129.0,46.19,2.0,950.0,1.79
a3d30efc-b517-4ed6-b6a7-f5a87a3d5fa0,46,1,39,e9a3808a-45e7-4f39-9379-763d701979e7,daee5445-ae51-4bce-89ef-291e7c3b9ae0,Triumfal'naia arka Mangilik El,ul. Bukhar zhyrau,3620.0,74.0,84.63,46.0,58.0,106.0,130.0,43.49,1.0,857.0,1.76
a3d30efc-b517-4ed6-b6a7-f5a87a3d5fa0,46,1,40,daee5445-ae51-4bce-89ef-291e7c3b9ae0,98d1a5a7-9d18-4401-bc23-d018dc3e432d,ul. Bukhar zhyrau,ZhK Promenad Ekspo,3200.0,95.0,97.61,49.0,63.0,124.0,144.0,44.67,1.0,550.0,1.52
a3d30efc-b517-4ed6-b6a7-f5a87a3d5fa0,46,1,41,98d1a5a7-9d18-4401-bc23-d018dc3e432d,8eb3db61-5a0c-420d-80cf-f2b44eb9676a,ZhK Promenad Ekspo,ZhK Orynbor Towers,2506.0,113.0,113.56,54.0,76.0,137.75,166.0,50.57,1.0,536.0,1.47
a3d30efc-b517-4ed6-b6a7-f5a87a3d5fa0,46,1,42,8eb3db61-5a0c-420d-80cf-f2b44eb9676a,5d11962d-6412-4c7c-984d-f4ee5eb63859,ZhK Orynbor Towers,Karakat,1437.0,116.0,118.76,57.0,80.0,140.0,175.0,58.07,8.0,900.0,1.51
a3d30efc-b517-4ed6-b6a7-f5a87a3d5fa0,46,1,43,5d11962d-6412-4c7c-984d-f4ee5eb63859,3db7fef2-0573-4884-af46-8d0986364f93,Karakat,Zharkyn,614.0,102.0,109.8,54.0,73.25,135.0,167.7,49.01,29.0,372.0,1.64
a3d30efc-b517-4ed6-b6a7-f5a87a3d5fa0,46,1,44,98d1a5a7-9d18-4401-bc23-d018dc3e432d,8eb3db61-5a0c-420d-80cf-f2b44eb9676a,ZhK Promenad Ekspo,ZhK Orynbor Towers,216.0,95.0,107.27,50.0,70.0,129.0,159.0,92.2,20.0,1298.0,1.67
a3d30efc-b517-4ed6-b6a7-f5a87a3d5fa0,46,1,45,8eb3db61-5a0c-420d-80cf-f2b44eb9676a,5d11962d-6412-4c7c-984d-f4ee5eb63859,ZhK Orynbor Towers,Karakat,55.0,96.0,102.2,57.0,71.5,124.5,164.8,39.04,41.0,187.0,1.72
a3d30efc-b517-4ed6-b6a7-f5a87a3d5fa0,46,1,46,5d11962d-6412-4c7c-984d-f4ee5eb63859,3db7fef2-0573-4884-af46-8d0986364f93,Karakat,Zharkyn,17.0,85.0,91.88,44.6,66.0,110.0,138.6,43.12,30.0,199.0,1.63
a3d30efc-b517-4ed6-b6a7-f5a87a3d5fa0,46,1,47,5d11962d-6412-4c7c-984d-f4ee5eb63859,3db7fef2-0573-4884-af46-8d0986364f93,Karakat,Zharkyn,1.0,78.0,78.0,78.0,78.0,78.0,78.0,,78.0,78.0,1.0
a3d30efc-b517-4ed6-b6a7-f5a87a3d5fa0,46,2,2,339fa8e4-18ae-4cfa-b6e9-111e97207174,188e1c69-e5de-4a89-abf0-b1bd3e0880cc,ZhK Komfort taun,Zharkyn,4125.0,123.0,135.28,40.0,70.0,169.0,227.0,105.44,2.0,1566.0,1.85
a3d30efc-b517-4ed6-b6a7-f5a87a3d5fa0,46,2,3,188e1c69-e5de-4a89-abf0-b1bd3e0880cc,ee853e2c-e631-45a9-8f2d-be48c4c9da88,Zharkyn,Karakat,4111.0,68.0,76.38,48.0,56.0,83.0,101.0,43.86,7.0,1084.0,1.49
a3d30efc-b517-4ed6-b6a7-f5a87a3d5fa0,46,2,4,ee853e2c-e631-45a9-8f2d-be48c4c9da88,d341a88a-9c13-4e35-9a89-10090402b94c,Karakat,ZhK Orynbor Towers,4046.0,54.0,58.12,32.0,41.0,68.0,80.0,33.37,2.0,614.0,1.48
a3d30efc-b517-4ed6-b6a7-f5a87a3d5fa0,46,2,5,d341a88a-9c13-4e35-9a89-10090402b94c,4ef6c8ac-8173-4c76-b194-918e3c3d876f,ZhK Orynbor Towers,ZhK Promenad Ekspo,4052.0,69.0,71.17,38.1,56.0,78.0,87.0,45.07,2.0,1436.0,1.26
a3d30efc-b517-4ed6-b6a7-f5a87a3d5fa0,46,2,6,4ef6c8ac-8173-4c76-b194-918e3c3d876f,93f2e175-bd6e-43d4-8498-a0b68fa24560,ZhK Promenad Ekspo,UDP,4071.0,156.0,173.49,93.0,121.0,198.0,266.0,98.29,15.0,1520.0,1.71
a3d30efc-b517-4ed6-b6a7-f5a87a3d5fa0,46,2,7,93f2e175-bd6e-43d4-8498-a0b68fa24560,4efbf1dc-b4dc-46a4-9f0b-70f8d73ff6b2,UDP,Bukhar zhyrau,4087.0,77.0,82.48,37.0,52.0,101.0,118.0,73.57,1.0,1590.0,1.53
a3d30efc-b517-4ed6-b6a7-f5a87a3d5fa0,46,2,8,4efbf1dc-b4dc-46a4-9f0b-70f8d73ff6b2,9230cadb-e2b9-4939-8b6f-8be6d9da92c8,Bukhar zhyrau,Triumfal'naia arka Mangilik El,4099.0,48.0,63.54,28.0,38.0,82.0,101.0,82.12,1.0,1675.0,2.1
a3d30efc-b517-4ed6-b6a7-f5a87a3d5fa0,46,2,9,9230cadb-e2b9-4939-8b6f-8be6d9da92c8,1552b0e1-bb57-49dc-b4cb-557a39df06b4,Triumfal'naia arka Mangilik El,K'arlyg'ash balabak'shasy,4117.0,42.0,51.63,29.0,35.0,50.0,64.0,82.08,1.0,1716.0,1.52
a3d30efc-b517-4ed6-b6a7-f5a87a3d5fa0,46,2,10,1552b0e1-bb57-49dc-b4cb-557a39df06b4,f5fa8abd-4d11-4331-9424-0c9638a34de4,K'arlyg'ash balabak'shasy,ZhK Akzhaik,4140.0,78.0,93.94,44.0,56.0,110.0,145.0,85.65,3.0,1750.0,1.86
a3d30efc-b517-4ed6-b6a7-f5a87a3d5fa0,46,2,11,f5fa8abd-4d11-4331-9424-0c9638a34de4,f3a7aefe-7c9f-4391-8091-7df545584ac0,ZhK Akzhaik,Finansovyi tsentr,4153.0,110.0,125.43,52.0,76.0,146.0,185.0,104.74,5.0,1623.0,1.68
a3d30efc-b517-4ed6-b6a7-f5a87a3d5fa0,46,2,12,f3a7aefe-7c9f-4391-8091-7df545584ac0,ffe7ac12-5298-4f2b-83e5-894509a544ed,Finansovyi tsentr,K'azak'kontsert im. Rozy Baglanovoi,4162.0,72.0,101.14,38.0,50.0,92.0,133.0,135.38,4.0,1613.0,1.85
a3d30efc-b517-4ed6-b6a7-f5a87a3d5fa0,46,2,13,ffe7ac12-5298-4f2b-83e5-894509a544ed,2ca9397c-8bbe-40c0-9a6d-545216696cfe,K'azak'kontsert im. Rozy Baglanovoi,Dom ministerstv,4173.0,120.0,157.1,71.0,90.0,168.0,285.8,124.12,7.0,1536.0,2.38
a3d30efc-b517-4ed6-b6a7-f5a87a3d5fa0,46,2,14,2ca9397c-8bbe-40c0-9a6d-545216696cfe,0241ba8f-1c7d-43c8-a2e1-39086ac6f078,Dom ministerstv,Ministerstvo oborony,4175.0,124.0,141.74,66.0,94.0,166.0,230.6,86.5,7.0,1348.0,1.86
a3d30efc-b517-4ed6-b6a7-f5a87a3d5fa0,46,2,15,0241ba8f-1c7d-43c8-a2e1-39086ac6f078,17cc4828-7b49-4d27-bad3-8dce5b9803d4,Ministerstvo oborony,TRTs Keruen,4159.0,202.0,239.19,107.0,152.0,270.0,407.0,157.47,2.0,1477.0,2.01
a3d30efc-b517-4ed6-b6a7-f5a87a3d5fa0,46,2,16,17cc4828-7b49-4d27-bad3-8dce5b9803d4,f4570762-f53c-463c-89a4-87f4e916d5a3,TRTs Keruen,TRTs Khan Shatyr,4177.0,119.0,146.76,54.0,82.0,159.0,252.0,128.33,2.0,1785.0,2.12
a3d30efc-b517-4ed6-b6a7-f5a87a3d5fa0,46,2,17,f4570762-f53c-463c-89a4-87f4e916d5a3,1100a1f5-0017-4d32-a284-74289da87c19,TRTs Khan Shatyr,Teatr Astana Opera,4159.0,460.0,467.43,110.0,368.0,570.5,738.2,243.44,3.0,1796.0,1.6
a3d30efc-b517-4ed6-b6a7-f5a87a3d5fa0,46,2,18,1100a1f5-0017-4d32-a284-74289da87c19,b199b336-fc58-47ca-bf2e-34f180c3c111,Teatr Astana Opera,TRTs Saryarka,4149.0,94.0,107.66,48.0,65.0,128.0,162.2,77.5,1.0,967.0,1.73
a3d30efc-b517-4ed6-b6a7-f5a87a3d5fa0,46,2,19,b199b336-fc58-47ca-bf2e-34f180c3c111,666cc2b2-73dc-4d32-afd1-1ce0b6280dd8,TRTs Saryarka,TRTs KeruenCity,3802.0,77.0,96.9,34.0,46.0,112.0,141.9,97.57,1.0,1320.0,1.84
a3d30efc-b517-4ed6-b6a7-f5a87a3d5fa0,46,2,20,666cc2b2-73dc-4d32-afd1-1ce0b6280dd8,da885f37-5bc2-43d5-b95c-ef82447df886,TRTs KeruenCity,Korgalzhinskaia trassa,4170.0,60.5,83.6,37.0,45.0,90.0,161.0,71.95,4.0,1118.0,2.66
a3d30efc-b517-4ed6-b6a7-f5a87a3d5fa0,46,2,21,da885f37-5bc2-43d5-b95c-ef82447df886,3f01777a-d987-4808-83e3-80e0193ebb62,Korgalzhinskaia trassa,Park Astana,4170.0,80.0,85.22,36.0,50.0,114.0,141.0,44.8,1.0,485.0,1.76
a3d30efc-b517-4ed6-b6a7-f5a87a3d5fa0,46,2,22,3f01777a-d987-4808-83e3-80e0193ebb62,edf55deb-81ff-41ae-bec5-a5a7b2cf5230,Park Astana,Ulitsa Kenesary,4179.0,49.0,55.75,36.0,42.0,63.0,81.0,27.57,2.0,610.0,1.65
a3d30efc-b517-4ed6-b6a7-f5a87a3d5fa0,46,2,23,edf55deb-81ff-41ae-bec5-a5a7b2cf5230,6aba57b3-2ccf-46aa-a877-7302fe66740e,Ulitsa Kenesary,Shkola Zerde,4184.0,93.0,96.91,58.0,77.0,113.0,132.0,49.36,5.0,1362.0,1.42
a3d30efc-b517-4ed6-b6a7-f5a87a3d5fa0,46,2,24,6aba57b3-2ccf-46aa-a877-7302fe66740e,4cc233c3-db14-4e65-b96b-91271c045f99,Shkola Zerde,Sportivnyi kompleks ABYROY,4181.0,59.0,67.43,26.0,35.0,90.0,114.0,48.29,2.0,1426.0,1.93
a3d30efc-b517-4ed6-b6a7-f5a87a3d5fa0,46,2,25,4cc233c3-db14-4e65-b96b-91271c045f99,ce8054ef-6b41-439f-b763-a770a69cf95d,Sportivnyi kompleks ABYROY,Prospekt Saryarka,4183.0,81.0,90.5,41.0,53.0,112.0,139.0,57.46,3.0,1109.0,1.72
a3d30efc-b517-4ed6-b6a7-f5a87a3d5fa0,46,2,26,ce8054ef-6b41-439f-b763-a770a69cf95d,3943eb59-f7df-4bc8-a03b-57ec0f53839b,Prospekt Saryarka,Sredniaia shkola No. 18,4179.0,59.0,64.13,35.0,43.0,77.0,94.0,34.27,1.0,600.0,1.59
a3d30efc-b517-4ed6-b6a7-f5a87a3d5fa0,46,2,27,3943eb59-f7df-4bc8-a03b-57ec0f53839b,b545b42e-bf63-4971-88da-0034cf57c6d3,Sredniaia shkola No. 18,Sarybulak,4178.0,117.0,121.8,63.0,85.0,152.0,181.3,54.77,2.0,1205.0,1.55
a3d30efc-b517-4ed6-b6a7-f5a87a3d5fa0,46,2,28,b545b42e-bf63-4971-88da-0034cf57c6d3,1547f9fc-9cdb-4452-80b1-1de805d07791,Sarybulak,Akan Sery,4165.0,64.0,75.57,35.0,46.0,83.0,108.0,60.07,3.0,1100.0,1.69
a3d30efc-b517-4ed6-b6a7-f5a87a3d5fa0,46,2,29,1547f9fc-9cdb-4452-80b1-1de805d07791,2045b211-161c-475d-8e29-b5dcba8d5c88,Akan Sery,K'artaly,4144.0,249.0,235.14,79.0,177.0,300.0,345.0,103.21,6.0,1693.0,1.39
a3d30efc-b517-4ed6-b6a7-f5a87a3d5fa0,46,2,30,2045b211-161c-475d-8e29-b5dcba8d5c88,18e674ae-467c-4bf9-b5e9-6747a27c958b,K'artaly,Kladbishche,4080.0,60.0,69.36,29.9,40.0,82.0,108.0,56.55,1.0,1716.0,1.8
a3d30efc-b517-4ed6-b6a7-f5a87a3d5fa0,46,2,31,18e674ae-467c-4bf9-b5e9-6747a27c958b,374a1eba-3bff-4242-854e-4043b5a0dd8c,Kladbishche,Shugyla,4128.0,65.0,75.89,33.0,44.0,89.0,117.0,57.57,1.0,1649.0,1.8
a3d30efc-b517-4ed6-b6a7-f5a87a3d5fa0,46,2,32,374a1eba-3bff-4242-854e-4043b5a0dd8c,ddfa4130-2d84-47ca-9601-6141a4e1a792,Shugyla,Titova,4175.0,41.0,63.04,22.0,29.0,89.5,120.0,57.93,1.0,1646.0,2.93
a3d30efc-b517-4ed6-b6a7-f5a87a3d5fa0,46,2,33,ddfa4130-2d84-47ca-9601-6141a4e1a792,97f5041a-4317-40ea-ae45-e45b2bc1d54e,Titova,Ardagerler,4168.0,69.0,71.2,24.0,30.0,103.0,126.0,45.63,2.0,448.0,1.83
a3d30efc-b517-4ed6-b6a7-f5a87a3d5fa0,46,2,34,97f5041a-4317-40ea-ae45-e45b2bc1d54e,980c8049-de1b-4b86-8f4a-c32728cb33d8,Ardagerler,Babataiuly,4179.0,33.0,40.77,20.0,26.0,43.0,76.0,29.35,1.0,454.0,2.3
a3d30efc-b517-4ed6-b6a7-f5a87a3d5fa0,46,2,35,980c8049-de1b-4b86-8f4a-c32728cb33d8,35cfa9fd-fcd4-49d3-98c5-2ee1aab26358,Babataiuly,per. Taitobe,4182.0,39.0,43.52,21.0,30.0,49.0,74.0,25.96,1.0,667.0,1.9
a3d30efc-b517-4ed6-b6a7-f5a87a3d5fa0,46,2,36,35cfa9fd-fcd4-49d3-98c5-2ee1aab26358,98026c8f-db24-493d-84e2-b5570fdf37d5,per. Taitobe,Zhanakonys,4159.0,44.0,46.53,21.0,29.0,57.0,77.0,25.31,1.0,634.0,1.75
a3d30efc-b517-4ed6-b6a7-f5a87a3d5fa0,46,2,37,98026c8f-db24-493d-84e2-b5570fdf37d5,14c30498-4bf5-4b7c-84fb-3a8838e8f2e2,Zhanakonys,Kafe Kazygurt,4136.0,45.0,46.64,25.0,35.0,55.0,67.0,21.88,2.0,611.0,1.49
a3d30efc-b517-4ed6-b6a7-f5a87a3d5fa0,46,2,38,14c30498-4bf5-4b7c-84fb-3a8838e8f2e2,b92ef832-a347-4211-9b54-0edf29047e57,Kafe Kazygurt,Gostinitsa Bakhyt,4100.0,44.0,49.84,25.0,34.0,60.0,82.0,26.29,1.0,381.0,1.86
a3d30efc-b517-4ed6-b6a7-f5a87a3d5fa0,46,2,39,b92ef832-a347-4211-9b54-0edf29047e57,887d0f28-1fde-47b7-88f4-2ceff1144fbf,Gostinitsa Bakhyt,zh/m Koktal-2,4001.0,62.0,62.96,32.0,44.0,79.0,92.0,29.08,1.0,653.0,1.48
a3d30efc-b517-4ed6-b6a7-f5a87a3d5fa0,46,2,40,887d0f28-1fde-47b7-88f4-2ceff1144fbf,66c67c6a-c5f7-4176-9d11-f2c8510ec6aa,zh/m Koktal-2,Mu'sa dukeni,3688.0,66.0,64.17,31.0,46.0,78.0,88.0,29.37,1.0,622.0,1.33
a3d30efc-b517-4ed6-b6a7-f5a87a3d5fa0,46,2,41,66c67c6a-c5f7-4176-9d11-f2c8510ec6aa,220c90dc-c8e4-422b-98b5-d856f2eec1d1,Mu'sa dukeni,Nauryz48,3398.0,60.0,68.22,26.0,37.0,94.0,116.0,48.41,1.0,1635.0,1.93
a3d30efc-b517-4ed6-b6a7-f5a87a3d5fa0,46,2,42,220c90dc-c8e4-422b-98b5-d856f2eec1d1,6a6d9880-7a1a-4598-acba-a3408eef739e,Nauryz48,Tarbagatai,3359.0,88.0,83.15,20.0,28.0,111.0,132.0,60.49,1.0,656.0,1.5
a3d30efc-b517-4ed6-b6a7-f5a87a3d5fa0,46,2,43,220c90dc-c8e4-422b-98b5-d856f2eec1d1,6a6d9880-7a1a-4598-acba-a3408eef739e,Nauryz48,Tarbagatai,2514.0,27.0,54.4,15.0,21.0,48.0,128.0,67.15,1.0,665.0,4.74
a3d30efc-b517-4ed6-b6a7-f5a87a3d5fa0,46,2,44,66c67c6a-c5f7-4176-9d11-f2c8510ec6aa,220c90dc-c8e4-422b-98b5-d856f2eec1d1,Mu'sa dukeni,Nauryz48,853.0,29.0,55.63,10.0,19.0,49.0,120.0,79.47,1.0,1090.0,4.14
a3d30efc-b517-4ed6-b6a7-f5a87a3d5fa0,46,2,45,220c90dc-c8e4-422b-98b5-d856f2eec1d1,6a6d9880-7a1a-4598-acba-a3408eef739e,Nauryz48,Tarbagatai,349.0,21.0,45.03,7.0,11.0,38.0,108.2,86.28,1.0,1166.0,5.15
a3d30efc-b517-4ed6-b6a7-f5a87a3d5fa0,46,2,46,f4d06a9d-8db0-4730-b026-249312e0dbe5,3d570ad2-db12-47d1-b15e-a33dfa403c56,ulitsa Karasu,TD Koktem,74.0,23.5,54.09,7.3,10.25,53.25,108.7,93.1,3.0,557.0,4.63
a3d30efc-b517-4ed6-b6a7-f5a87a3d5fa0,46,2,47,66c67c6a-c5f7-4176-9d11-f2c8510ec6aa,220c90dc-c8e4-422b-98b5-d856f2eec1d1,Mu'sa dukeni,Nauryz48,20.0,31.5,54.4,12.9,13.75,75.25,116.2,53.33,10.0,215.0,3.69
a3d30efc-b517-4ed6-b6a7-f5a87a3d5fa0,46,2,48,220c90dc-c8e4-422b-98b5-d856f2eec1d1,6a6d9880-7a1a-4598-acba-a3408eef739e,Nauryz48,Tarbagatai,8.0,27.5,41.5,19.1,23.75,32.75,73.4,44.29,10.0,149.0,2.67
a3d30efc-b517-4ed6-b6a7-f5a87a3d5fa0,46,2,49,66c67c6a-c5f7-4176-9d11-f2c8510ec6aa,220c90dc-c8e4-422b-98b5-d856f2eec1d1,Mu'sa dukeni,Nauryz48,3.0,106.0,85.67,39.6,64.5,117.0,123.6,55.37,23.0,128.0,1.17
a3d30efc-b517-4ed6-b6a7-f5a87a3d5fa0,46,2,50,220c90dc-c8e4-422b-98b5-d856f2eec1d1,6a6d9880-7a1a-4598-acba-a3408eef739e,Nauryz48,Tarbagatai,2.0,25.0,25.0,21.0,22.5,27.5,29.0,7.07,20.0,30.0,1.16
